id	work_id	work	year	source_locator	source_witness_sha256	mathlib_coverage	mathlib_declarations	local_contribution	local_declaration	build_status	receipt	axioms	qa_effect	limitations
HENTZELT-NOETHER-1923-FIRST-GROUND-MODULE-LOCALIZATION	P22	Zur Theorie der Polynomideale und Resultanten	1923	Satz VII lines 13162–13164; coefficient-field localization immediately before equation (24)	EE226847656BC4D65EDDA9E9BF9BB1D25797C0C6D672D267D94A97FD88C7AD58	FORMALIZED_GAP	MvPolynomial.finSuccEquiv; Polynomial.degreeLT; Polynomial.degreeLT.basis; Polynomial.degreeLTEquiv; Polynomial.isLocalization; FractionRing; IsLocalizedModule; Submodule.localized'; IsLocalizedModule.isTorsionFree; Module.finrank	PROMOTED_THEOREM	MathematicalCommons.Noether.PolynomialIdealsAndResultants1923.RegularIdealDecomposition.degreeLTMapEquiv; MathematicalCommons.Noether.PolynomialIdealsAndResultants1923.RegularIdealDecomposition.map_nonzeroScalarSaturation_equiv; MathematicalCommons.Noether.PolynomialIdealsAndResultants1923.RegularIdealDecomposition.isGroundModule_iff_quotient_isTorsionFree; MathematicalCommons.Noether.PolynomialIdealsAndResultants1923.RegularIdealDecomposition.degreeLTLocalizationMap; MathematicalCommons.Noether.PolynomialIdealsAndResultants1923.RegularIdealDecomposition.localized_eq_nonzeroScalarSaturation_localized; MathematicalCommons.Noether.PolynomialIdealsAndResultants1923.RegularIdealDecomposition.lateVariableCoefficientRing; MathematicalCommons.Noether.PolynomialIdealsAndResultants1923.RegularIdealDecomposition.lateVariableFractionField; MathematicalCommons.Noether.PolynomialIdealsAndResultants1923.RegularIdealDecomposition.secondVariablePID; MathematicalCommons.Noether.PolynomialIdealsAndResultants1923.RegularIdealDecomposition.secondVariableGroundModule; MathematicalCommons.Noether.PolynomialIdealsAndResultants1923.RegularIdealDecomposition.secondVariableOriginalModule; MathematicalCommons.Noether.PolynomialIdealsAndResultants1923.RegularIdealDecomposition.secondVariableGroundModule_eq_saturation; MathematicalCommons.Noether.PolynomialIdealsAndResultants1923.RegularIdealDecomposition.lateVariableDenominators; MathematicalCommons.Noether.PolynomialIdealsAndResultants1923.RegularIdealDecomposition.secondVariableBoundedLocalizationMap; MathematicalCommons.Noether.PolynomialIdealsAndResultants1923.RegularIdealDecomposition.localizedSecondVariableGroundModule; MathematicalCommons.Noether.PolynomialIdealsAndResultants1923.RegularIdealDecomposition.localizedSecondVariableOriginalModule; MathematicalCommons.Noether.PolynomialIdealsAndResultants1923.RegularIdealDecomposition.localizedSecondVariableGroundModule_eq_saturation; MathematicalCommons.Noether.PolynomialIdealsAndResultants1923.RegularIdealDecomposition.finrank_localizedSecondVariable_relativeDenominator_eq	built_v4.31.0	artifacts/build/claim-P22-first-ground-module-localization-20260828T1741336133599-43d2ef8c.json	propext; Classical.choice; Quot.sound	neutral	Uses the source-faithful tower B = P[x₃,…], A = B[x₂], K = Frac(B), and R = K[x₂]; the map A → R localizes only B and fixes x₂. It proves exact base change of saturation for the actual cutoff-one pair and equal localized finrank, closing the PID full-rank premise for equation (24). It does not separately name localized torsion or finite-generation endpoints, choose Smith bases, order elementary divisors, add the infinite ζ-tail, identify a determinant norm or resultant, or treat later stages.
HENTZELT-NOETHER-1923-FIRST-SMITH-PAIRED-QUOTIENT	P22	Zur Theorie der Polynomideale und Resultanten	1923	Satz VII equation (24), lines 13164–13173; finite cutoff-one Smith instance	EE226847656BC4D65EDDA9E9BF9BB1D25797C0C6D672D267D94A97FD88C7AD58	FORMALIZED_GAP	Pi.basisFun; Submodule.basisOfPid; Submodule.smithNormalFormTopBasis; Submodule.smithNormalFormBotBasis; Submodule.smithNormalFormBotBasis_def; Submodule.smithNormalFormCoeffs; Submodule.smithNormalFormCoeffs_ne_zero; Submodule.quotientEquivPiSpan; LinearMap.det_toMatrix; Matrix.det_diagonal	PROMOTED_THEOREM	MathematicalCommons.Noether.PolynomialIdealsAndResultants1923.RegularIdealDecomposition.localizedSecondVariableAmbientBasis; MathematicalCommons.Noether.PolynomialIdealsAndResultants1923.RegularIdealDecomposition.localizedSecondVariableGroundBasisSigma; MathematicalCommons.Noether.PolynomialIdealsAndResultants1923.RegularIdealDecomposition.localizedSecondVariableSmithRank; MathematicalCommons.Noether.PolynomialIdealsAndResultants1923.RegularIdealDecomposition.localizedSecondVariableSmithIndex; MathematicalCommons.Noether.PolynomialIdealsAndResultants1923.RegularIdealDecomposition.localizedSecondVariableGroundBasis; MathematicalCommons.Noether.PolynomialIdealsAndResultants1923.RegularIdealDecomposition.localizedSecondVariableEtaBasis; MathematicalCommons.Noether.PolynomialIdealsAndResultants1923.RegularIdealDecomposition.localizedSecondVariableDenominatorBasis; MathematicalCommons.Noether.PolynomialIdealsAndResultants1923.RegularIdealDecomposition.localizedSecondVariableSmithCoefficients; MathematicalCommons.Noether.PolynomialIdealsAndResultants1923.RegularIdealDecomposition.localizedSecondVariableDenominatorBasis_eq_smul_eta; MathematicalCommons.Noether.PolynomialIdealsAndResultants1923.RegularIdealDecomposition.localizedSecondVariable_smul_eta_mem_original; MathematicalCommons.Noether.PolynomialIdealsAndResultants1923.RegularIdealDecomposition.localizedSecondVariableSmithCoefficients_ne_zero; MathematicalCommons.Noether.PolynomialIdealsAndResultants1923.RegularIdealDecomposition.localizedSecondVariableRelativeQuotientEquivSmithCyclic; MathematicalCommons.Noether.PolynomialIdealsAndResultants1923.RegularIdealDecomposition.det_localizedSecondVariableSmithBasisTransition_eq_prod	built_v4.31.0	artifacts/build/claim-P22-first-smith-paired-quotient-20260828T1741336133599-43d2ef8c.json	propext; Classical.choice; Quot.sound	neutral	Instantiates the existing generic Smith package for the actual localized cutoff-one pair over R = Frac(P[x₃,…])[x₂]. It supplies selected Smith bases and coefficients, the diagonal relation, denominator membership, the finite cyclic-quotient decomposition, and the selected-basis determinant product. This is the finite source instance underlying equation (24), not the whole infinite system; divisibility ordering, the infinite ζ-tail and unit factors, determinant-norm/resultant identification, primitive normalization, choice independence, and later stages remain open.
NOETH-1916-ORBIT-RESOLVENT	P07	Der Endlichkeitssatz der Invarianten endlicher Gruppen	1916	lines 5871–5888; specialized one-element orbit factor product	EE226847656BC4D65EDDA9E9BF9BB1D25797C0C6D672D267D94A97FD88C7AD58	MATHLIB_EXACT	MulSemiringAction.charpoly; MulSemiringAction.charpoly_eq; MulSemiringAction.monic_charpoly; MulSemiringAction.eval_charpoly; MulSemiringAction.smul_charpoly; MulSemiringAction.smul_coeff_charpoly	NEW_PACKAGING	MathematicalCommons.Noether.FiniteGroupInvariants1916.orbitPolynomial_audit_bundle	built_v4.31.0_release_verified	artifacts/release/noether-pilot-0.1.0-dev/FiniteGroupInvariants1916-20260824T2243486165458-12e7ff1d.receipt.json	propext; Classical.choice; Quot.sound	neutral_no_defect_found	Only the one-element orbit polynomial is covered; it is not Noether's multivariate full invariant-system theorem. Source uses z plus a linear form; X minus C(g • x) matches after negating that form.
NOETH-1916-RESOLVENT-FULL-SYSTEM	P07	Der Endlichkeitssatz der Invarianten endlicher Gruppen	1916	line 5888	EE226847656BC4D65EDDA9E9BF9BB1D25797C0C6D672D267D94A97FD88C7AD58	GAP_CANDIDATE	MulSemiringAction.charpoly is only a partial ingredient	NONE		mathlib_audit_open			neutral	Multivariate polarization/coefficient extraction and proof that the finitely many coefficients generate every invariant are not formalized.
NOETH-1916-POWER-SUM-DEGREE-BOUND	P07	Der Endlichkeitssatz der Invarianten endlicher Gruppen	1916	lines 5931–5933	EE226847656BC4D65EDDA9E9BF9BB1D25797C0C6D672D267D94A97FD88C7AD58	GAP_CANDIDATE	Polynomial symmetric-function infrastructure; no end-to-end declaration found	NONE		in_design			neutral	Requires explicit coefficient-ring assumptions, multisymmetric power sums, generation, and the nonmodular degree bound at group order.
NOETH-1918-FUNDAMENTAL-LEMMA	P13	Invariante Variationsprobleme	1918	lines 8714–8720; test-function separation step in Satz II proof	EE226847656BC4D65EDDA9E9BF9BB1D25797C0C6D672D267D94A97FD88C7AD58	NEW_PACKAGING	ae_eq_zero_of_integral_contDiff_smul_eq_zero; Measure.eq_of_ae_eq	SUPPORT_PACKAGING	MathematicalCommons.Noether.InvariantVariationalProblems1918.continuous_eq_zero_of_integral_contDiff_smul_eq_zero	built_v4.31.0	artifacts/build/InvariantVariationalProblems1918-20260824T2314257378139-f1526a01.receipt.json	propext; Classical.choice; Quot.sound	neutral	Generic pointwise test-function separation only; it does not formalize Satz II or any variational-symmetry claim.
NOETH-1918-SATZ-I-FORWARD	P13	Invariante Variationsprobleme	1918	Satz I line 8604; current formula line 8673	EE226847656BC4D65EDDA9E9BF9BB1D25797C0C6D672D267D94A97FD88C7AD58	DEFERRED_INFRASTRUCTURE	No exact declaration found; differentiation, integration-by-parts, divergence, and Lie-group anchors only	NONE		dependency_graph_recorded			neutral	Needs jets/prolongations, total derivatives, Lagrangian Euler operator, first-variation identity, generalized symmetries, and currents modulo trivial ones.
NOETH-1918-SATZ-I-CONVERSE	P13	Invariante Variationsprobleme	1918	Satz I line 8604; qualifications lines 8732–8744	EE226847656BC4D65EDDA9E9BF9BB1D25797C0C6D672D267D94A97FD88C7AD58	BLOCKED_SOURCE	Lie-group and integral-curve infrastructure is insufficient	NONE		qualified_restatement_required			neutral	Source divides by the density and leaves derivative-dependent group closure open; an unconditional iff would overstate the paper.
NOETH-1918-SATZ-II-FORWARD	P13	Invariante Variationsprobleme	1918	Satz II line 8606; identity formula line 8715	EE226847656BC4D65EDDA9E9BF9BB1D25797C0C6D672D267D94A97FD88C7AD58	DEFERRED_INFRASTRUCTURE	test-function separation exists; no Euler-operator/formal-adjoint/gauge theorem	NONE		dependency_graph_recorded			neutral	Needs arbitrary-function symmetry, formal differential-operator adjoints, jets, Euler identities, and essential-rank notions.
NOETH-1918-SATZ-II-CONVERSE	P13	Invariante Variationsprobleme	1918	Satz II line 8606; qualifications lines 8829–8843	EE226847656BC4D65EDDA9E9BF9BB1D25797C0C6D672D267D94A97FD88C7AD58	BLOCKED_SOURCE	No gauge-pseudogroup integration theorem found	NONE		qualified_restatement_required			neutral	Source invokes Lie integration and retains derivative-dependent caveats; an unconditional modern converse is not source-safe.
NOETH-1918-HILBERT-CLAIM	P13	Invariante Variationsprobleme	1918	improper-current definition line 9027; iff line 9029; translation specialization line 9049	EE226847656BC4D65EDDA9E9BF9BB1D25797C0C6D672D267D94A97FD88C7AD58	DEFERRED_INFRASTRUCTURE	No conservation-law quotient theorem found	NONE		dependency_graph_recorded			neutral	Requires a formal quotient by trivial currents and Euler–Lagrange terms, plus the qualified group-inclusion converses.
NOETH-1921-SATZ-I	P19	Idealtheorie in Ringbereichen	1921	finite-basis condition line 11346; Satz I line 11350; converse line 11368	EE226847656BC4D65EDDA9E9BF9BB1D25797C0C6D672D267D94A97FD88C7AD58	MATHLIB_MODERN_FORM	isNoetherianRing_iff_ideal_fg	NEW_PACKAGING	MathematicalCommons.Noether.Idealtheorie1921.finiteBasis_iff_noetherian	built_v4.31.0_release_verified	artifacts/release/noether-pilot-0.1.0-dev/Idealtheorie1921-20260824T2247055813561-8e92ac2f.receipt.json	propext; Quot.sound	neutral	The iff is assembled from surrounding text; the labeled Satz I alone states chain stabilization under the finite-basis assumption.
NOETH-1921-SATZ-II	P19	Idealtheorie in Ringbereichen	1921	line 11417	EE226847656BC4D65EDDA9E9BF9BB1D25797C0C6D672D267D94A97FD88C7AD58	MATHLIB_MODERN_FORM	exists_infIrred_decomposition	NEW_PACKAGING	MathematicalCommons.Noether.Idealtheorie1921.finiteIrreducibleDecomposition	built_v4.31.0_release_verified	artifacts/release/noether-pilot-0.1.0-dev/Idealtheorie1921-20260824T2247055813561-8e92ac2f.receipt.json	propext; Classical.choice; Quot.sound	neutral	Mathlib uses the order-theoretic InfIrred notion and finite infimum notation.
NOETH-1921-DEF-III	P19	Idealtheorie in Ringbereichen	1921	line 11561	EE226847656BC4D65EDDA9E9BF9BB1D25797C0C6D672D267D94A97FD88C7AD58	MATHLIB_MODERN_FORM	Ideal.isPrimary_iff	NEW_PACKAGING	MathematicalCommons.Noether.Idealtheorie1921.primary_iff_factor_or_power	built_v4.31.0_release_verified	artifacts/release/noether-pilot-0.1.0-dev/Idealtheorie1921-20260824T2247055813561-8e92ac2f.receipt.json	propext; Classical.choice; Quot.sound	neutral	Mathlib makes properness explicit and represents existence of a power by radical membership.
NOETH-1921-DEF-IIIA	P19	Idealtheorie in Ringbereichen	1921	line 11567	EE226847656BC4D65EDDA9E9BF9BB1D25797C0C6D672D267D94A97FD88C7AD58	NEW_PACKAGING	Ideal.isPrimary_iff; Ideal.exists_pow_le_of_le_radical_of_fg	FORMALIZED_SOURCE_PACKAGING	MathematicalCommons.Noether.Idealtheorie1921.primary_iff_ideal_product_or_power	built_v4.31.0_release_verified	artifacts/release/noether-pilot-0.1.0-dev/Idealtheorie1921-20260824T2247055813561-8e92ac2f.receipt.json	propext; Classical.choice; Quot.sound	neutral	Uniform positive exponent for an ideal uses Noetherian finite generation; modern properness is explicit.
NOETH-1921-SATZ-V-UNIQUE-PRIME	P19	Idealtheorie in Ringbereichen	1921	line 11613; first clause	EE226847656BC4D65EDDA9E9BF9BB1D25797C0C6D672D267D94A97FD88C7AD58	NEW_PACKAGING	Ideal.isPrime_radical; Ideal.exists_radical_pow_le_of_fg	FORMALIZED_SOURCE_PACKAGING	MathematicalCommons.Noether.Idealtheorie1921.existsUnique_associatedPrime	built_v4.31.0_release_verified	artifacts/release/noether-pilot-0.1.0-dev/Idealtheorie1921-20260824T2247055813561-8e92ac2f.receipt.json	propext; Classical.choice; Quot.sound	neutral	Packages separate Mathlib ingredients; ideal divisibility is translated to modern inclusions.
NOETH-1921-SATZ-V-GREATEST	P19	Idealtheorie in Ringbereichen	1921	line 11613; greatest-common-divisor characterization	EE226847656BC4D65EDDA9E9BF9BB1D25797C0C6D672D267D94A97FD88C7AD58	NEW_PACKAGING	Ideal.isPrime_radical; Ideal.IsPrime.le_of_pow_le	FORMALIZED_SOURCE_PACKAGING	MathematicalCommons.Noether.Idealtheorie1921.associatedPrime_isGreatest_powerContained	built_v4.31.0_release_verified	artifacts/release/noether-pilot-0.1.0-dev/Idealtheorie1921-20260824T2247055813561-8e92ac2f.receipt.json	propext; Classical.choice; Quot.sound	neutral	States the historical gcd characterization as the inclusion-universal property of the radical.
NOETH-1921-SATZ-V-EXPONENT	P19	Idealtheorie in Ringbereichen	1921	line 11613; minimal exponent rho	EE226847656BC4D65EDDA9E9BF9BB1D25797C0C6D672D267D94A97FD88C7AD58	NEW_PACKAGING	Ideal.exists_radical_pow_le_of_fg; Nat.find	FORMALIZED_SOURCE_PACKAGING	MathematicalCommons.Noether.Idealtheorie1921.exists_least_associatedPrimeExponent	built_v4.31.0_release_verified	artifacts/release/noether-pilot-0.1.0-dev/Idealtheorie1921-20260824T2247055813561-8e92ac2f.receipt.json	propext; Classical.choice; Quot.sound	neutral	Least positive exponent is packaged explicitly; no claim is made that the power equals Q.
NOETH-1921-SATZ-VI	P19	Idealtheorie in Ringbereichen	1921	line 11617	EE226847656BC4D65EDDA9E9BF9BB1D25797C0C6D672D267D94A97FD88C7AD58	MATHLIB_EXACT	InfIrred.isPrimary	NEW_PACKAGING	MathematicalCommons.Noether.Idealtheorie1921.irreducible_isPrimary	built_v4.31.0_release_verified	artifacts/release/noether-pilot-0.1.0-dev/Idealtheorie1921-20260824T2247055813561-8e92ac2f.receipt.json	propext; Classical.choice; Quot.sound	neutral	Mathlib theorem is at submodule generality; local theorem specializes to ideals.
NOETH-1921-SATZ-VIII-FIRST	P19	Idealtheorie in Ringbereichen	1921	line 11737; first direction	EE226847656BC4D65EDDA9E9BF9BB1D25797C0C6D672D267D94A97FD88C7AD58	MATHLIB_MODERN_FORM	Ideal.isPrimary_finsetInf	NEW_PACKAGING	MathematicalCommons.Noether.Idealtheorie1921.primaryFiniteInf_sameAssociatedPrime	built_v4.31.0_release_verified	artifacts/release/noether-pilot-0.1.0-dev/Idealtheorie1921-20260824T2247055813561-8e92ac2f.receipt.json	propext; Classical.choice; Quot.sound	neutral	Common associated prime is represented by equality of radicals; the converse reduced-decomposition clause remains open.
NOETH-1921-SATZ-VIII-PRIME-IRRED	P19	Idealtheorie in Ringbereichen	1921	line 11771; Zusatz	EE226847656BC4D65EDDA9E9BF9BB1D25797C0C6D672D267D94A97FD88C7AD58	NEW_PACKAGING	Ideal.IsPrime.inf_le; InfPrime.infIrred	FORMALIZED_SOURCE_PACKAGING	MathematicalCommons.Noether.Idealtheorie1921.prime_isIrreducible	built_v4.31.0_release_verified	artifacts/release/noether-pilot-0.1.0-dev/Idealtheorie1921-20260824T2247055813561-8e92ac2f.receipt.json	propext; Classical.choice; Quot.sound	neutral	Direct modern lattice packaging of the source corollary.
NOETH-1921-LASKER-NOETHER	P19	Idealtheorie in Ringbereichen	1921	§§2–5; decomposition culmination through line 11781	EE226847656BC4D65EDDA9E9BF9BB1D25797C0C6D672D267D94A97FD88C7AD58	MATHLIB_MODERN_FORM	Submodule.isLasker	NEW_PACKAGING	MathematicalCommons.Noether.Idealtheorie1921.primaryDecomposition	built_v4.31.0_release_verified	artifacts/release/noether-pilot-0.1.0-dev/Idealtheorie1921-20260824T2247055813561-8e92ac2f.receipt.json	propext; Classical.choice; Quot.sound	neutral	Mathlib states a stronger module-level existence theorem; source minimality and uniqueness conditions are separate targets.
NOETH-1921-FIRST-UNIQUENESS	P19	Idealtheorie in Ringbereichen	1921	Satz IX line 11781 and associated-prime uniqueness	EE226847656BC4D65EDDA9E9BF9BB1D25797C0C6D672D267D94A97FD88C7AD58	MATHLIB_MODERN_FORM	IsMinimalPrimaryDecomposition.image_radical_eq_associated_primes	NONE		mathlib_audited_not_repackaged			neutral	Exact correspondence to Noether's formulation still needs a source-level proof audit.
NOETH-1921-SECOND-UNIQUENESS	P19	Idealtheorie in Ringbereichen	1921	isolated primary components; Satz XIII line 11971	EE226847656BC4D65EDDA9E9BF9BB1D25797C0C6D672D267D94A97FD88C7AD58	MATHLIB_MODERN_FORM	IsMinimalPrimaryDecomposition.comap_localized₀_eq_iInf	NONE		mathlib_audited_not_repackaged			neutral	Mathlib localization theorem captures the modern second uniqueness theorem; detailed source alignment remains open.
NOETH-1922-ABSOLUTE-IRRED-DEF	P20	Ein algebraisches Kriterium für absolute Irreduzibilität	1922	definition line 12405	EE226847656BC4D65EDDA9E9BF9BB1D25797C0C6D672D267D94A97FD88C7AD58	MATHLIB_MODERN_FORM	Irreducible; AlgebraicClosure; IsAlgClosure.equiv; GeometricallyIntegral	NONE		definition_design_open			neutral	Mathlib has the ingredients but no canonical polynomial-level absolute-irreducibility predicate; geometrically irreducible alone omits reducedness.
NOETH-1922-REDUCIBILITY-FORM	P20	Ein algebraisches Kriterium für absolute Irreduzibilität	1922	main theorem lines 12407–12409; construction/conclusion lines 12581–12585	EE226847656BC4D65EDDA9E9BF9BB1D25797C0C6D672D267D94A97FD88C7AD58	GAP_CANDIDATE	MvPolynomial.map; algebraic-closure and Noetherian polynomial infrastructure only	NONE		dependency_graph_recorded			neutral	High-value gap: construct a universal integer-coefficient reducibility form and prove nonvanishing iff absolute irreducibility, respecting homogeneous/nonzero and affine degree-drop caveats.
NOETH-1922-GENERIC-IRREDUCIBLE	P20	Ein algebraisches Kriterium für absolute Irreduzibilität	1922	assertion line 12417; precise polynomial/conclusion lines 12439–12444	EE226847656BC4D65EDDA9E9BF9BB1D25797C0C6D672D267D94A97FD88C7AD58	GAP_CANDIDATE	MvPolynomial.irreducible_of_totalDegree_eq_one covers only degree one	NONE		dependency_graph_recorded			neutral	Generic polynomial with algebraically independent universal coefficients in at least two variables is not available at the required all-degree generality.
NOETH-1922-FIXED-BIDEGREE	P20	Ein algebraisches Kriterium für absolute Irreduzibilität	1922	criterion lines 12541–12573; exact parameterization lines 12575–12579	EE226847656BC4D65EDDA9E9BF9BB1D25797C0C6D672D267D94A97FD88C7AD58	GAP_CANDIDATE	RingHom.ker_isPrime; polynomial Noetherianity; norm and symmetric-polynomial infrastructure	NONE		dependency_graph_recorded			neutral	Requires the coefficient-convolution map, relation ideal, elimination/finite basis, prescribed factor degrees, and explicit exclusion of affine degree drop.
NOETH-1922-OSTROWSKI	P20	Ein algebraisches Kriterium für absolute Irreduzibilität	1922	corollary lines 12411–12413; proof lines 12587–12600	EE226847656BC4D65EDDA9E9BF9BB1D25797C0C6D672D267D94A97FD88C7AD58	GAP_CANDIDATE	Dedekind-domain ideals; finite residue fields; finite divisors; no specialization theorem	NONE		dependency_graph_recorded			neutral	High-value gap: absolute irreducibility after reduction outside finitely many prime ideals; rational coefficients also require denominator clearing and excluding denominator primes.
NOETH-1922-FINITE-BAD-PRIMES-COMPONENT	P20	Ein algebraisches Kriterium für absolute Irreduzibilität	1922	finite prime-divisor step lines 12594–12598	EE226847656BC4D65EDDA9E9BF9BB1D25797C0C6D672D267D94A97FD88C7AD58	NEW_PACKAGING	UniqueFactorizationMonoid.fintypeSubtypeDvd; Dedekind ideal UFM instance	SUPPORT_PACKAGING	MathematicalCommons.Noether.AbsoluteIrreducibility1922.finite_primeIdeal_divisors	built_v4.31.0	artifacts/build/AbsoluteIrreducibility1922-20260824T2316146598162-416d9426.receipt.json	propext; Classical.choice; Quot.sound	neutral	Thin arithmetic-tail helper only; it neither constructs the reducibility form nor proves the Ostrowski corollary.
NOETH-1926-FIXED-RING-FINITE-TYPE	P29	Der Endlichkeitssatz der Invarianten endlicher linearer Gruppen der Charakteristik p	1926	main theorem line 14257; proof lines 14319–14335	EE226847656BC4D65EDDA9E9BF9BB1D25797C0C6D672D267D94A97FD88C7AD58	FORMALIZED_GAP	Algebra.IsInvariant.isIntegral; Algebra.FiniteType.of_restrictScalars_finiteType; Algebra.IsIntegral.finite; fg_of_fg_of_fg	FORMALIZED_GAP	MathematicalCommons.Noether.ModularInvariants1926.fixedPoints_finiteType	built_v4.31.0	artifacts/build/ModularInvariants1926-20260824T2315501664582-da8e5c67.receipt.json	propext; Classical.choice; Quot.sound	neutral	Characteristic-free modern form for finite actions on finite-type commutative algebras over a Noetherian base; no linearity or faithfulness is required. This is finite generation as an algebra, not finite cardinality.
NOETH-1926-INTERMEDIATE-SUBALGEBRA	P29	Der Endlichkeitssatz der Invarianten endlicher linearer Gruppen der Charakteristik p	1926	general support for conclusions at lines 14263 and 14337–14339	EE226847656BC4D65EDDA9E9BF9BB1D25797C0C6D672D267D94A97FD88C7AD58	NEW_PACKAGING	Algebra.IsInvariant.isIntegral; Algebra.IsIntegral.finite; fg_of_fg_of_fg	SUPPORT_GENERALIZATION	MathematicalCommons.Noether.ModularInvariants1926.subalgebra_finiteType_of_fixedPoints_le	built_v4.31.0	artifacts/build/ModularInvariants1926-20260824T2315501664582-da8e5c67.receipt.json	propext; Classical.choice; Quot.sound	neutral	Applies to relative- or pointwise-invariant rings only after those source-specific subalgebras are defined and proved to contain the fixed subalgebra; it does not supply those models.
NOETH-1926-RATIONAL-BASIS	P29	Der Endlichkeitssatz der Invarianten endlicher linearer Gruppen der Charakteristik p	1926	finite rational-basis claims lines 14269–14281	EE226847656BC4D65EDDA9E9BF9BB1D25797C0C6D672D267D94A97FD88C7AD58	GAP_CANDIDATE	IntermediateField.FG; Algebra.EssFiniteType; Algebra.finite_of_essFiniteType_of_isAlgebraic	NONE		dependency_graph_recorded			neutral	Mathlib encodes finite generation and essential finite type, but no exact arbitrary-intermediate-field theorem in Noether's stated generality was found.
NOETH-1926-EXPLICIT-RESOLVENT-GENERATORS	P29	Der Endlichkeitssatz der Invarianten endlicher linearer Gruppen der Charakteristik p	1926	orbit identities and resolvent coefficients lines 14312–14326	EE226847656BC4D65EDDA9E9BF9BB1D25797C0C6D672D267D94A97FD88C7AD58	GAP_CANDIDATE	MulSemiringAction.charpoly; MvPolynomial.esymmAlgEquiv supplies only ordinary symmetric-polynomial infrastructure	NONE		dependency_graph_recorded			neutral	The universal auxiliary-variable resolvent, multisymmetric orbit-row argument, and proof that its coefficients generate Noether's finite subring remain unformalized.
NOETH-1926-PTH-ROOT-CRITERION	P29	Der Endlichkeitssatz der Invarianten endlicher linearer Gruppen der Charakteristik p	1926	positive-characteristic finiteness criterion lines 14285–14299 and coefficient-field reduction line 14328	EE226847656BC4D65EDDA9E9BF9BB1D25797C0C6D672D267D94A97FD88C7AD58	GAP_CANDIDATE	AdjoinPthRoots; IsIntegralClosure.finite covers the separable finite case	NONE		dependency_graph_recorded			neutral	The finite P^(1/p)/P hypothesis, inseparable integral-closure finiteness, and transcendental coefficient-field reduction are not packaged as the source theorem.
NOETH-SCHM-1920-DICTIONARY	P17	Moduln in nichtkommutativen Bereichen, insbesondere aus Differential- und Differenzenausdrücken	1920	definitions and order dictionary lines 10238–10327; prime and fully reducible lines 10584–10588	EE226847656BC4D65EDDA9E9BF9BB1D25797C0C6D672D267D94A97FD88C7AD58	MATHLIB_MODERN_FORM	Submodule; Submodule.Quotient; LinearEquiv; IsSimpleModule; IsSemisimpleModule	NONE		source_dictionary_audited			neutral	Source right-sided modules are Mathlib left submodules; gcd and lcm reverse to sup and inf; Primmodul means maximal submodule/simple quotient, not prime ideal. Joint Noether–Schmeidler attribution is mandatory.
NOETH-SCHM-1920-SATZ-I	P17	Moduln in nichtkommutativen Bereichen, insbesondere aus Differential- und Differenzenausdrücken	1920	Satz I line 10329	EE226847656BC4D65EDDA9E9BF9BB1D25797C0C6D672D267D94A97FD88C7AD58	NEW_PACKAGING	Submodule.ker_mkQ; LinearMap.ker_prod; LinearMap.range_prod_eq; LinearMap.quotKerEquivOfSurjective; Submodule.quotEquivOfEq	PROMOTED_SUPPORT	MathematicalCommons.NoetherSchmeidler.NoncommutativeModules1920.quotientInfEquivProdOfSupEqTop	built_v4.31.0	artifacts/build/NoncommutativeModules1920-20260825T0138493146531-a76d0ce8.receipt.json	propext; Classical.choice; Quot.sound	neutral	Promoted declaration covers only the forward quotient-product equivalence for arbitrary left modules; the full source iff, custom subgroup correspondence, and factor identifications remain open.
NOETH-SCHM-1920-SATZ-II	P17	Moduln in nichtkommutativen Bereichen, insbesondere aus Differential- und Differenzenausdrücken	1920	Satz II line 10451; total-coprime definition line 10441	EE226847656BC4D65EDDA9E9BF9BB1D25797C0C6D672D267D94A97FD88C7AD58	MATHLIB_MODERN_FORM	Ideal.quotientInfRingEquivPiQuotient is exact for commutative ideals; generic submodule product/quotient infrastructure is partial	NONE		audit_complete_development_open			neutral	The noncommutative finite-family one-sided statement and reverse decomposition direction require source-specific packaging.
NOETH-SCHM-1920-SATZ-III	P17	Moduln in nichtkommutativen Bereichen, insbesondere aus Differential- und Differenzenausdrücken	1920	ring hypotheses lines 10214–10232 and 10457–10462; Satz III line 10502	EE226847656BC4D65EDDA9E9BF9BB1D25797C0C6D672D267D94A97FD88C7AD58	GAP_CANDIDATE	IsNoetherian; isNoetherian_def; Submodule.FG	NONE		dependency_graph_recorded			neutral	High-value gap: prove left-Noetherianity of the stated triangular skew polynomial/operator ring. Assuming IsNoetherian alone is only the modern abstraction, not the historical theorem.
NOETH-SCHM-1920-SATZ-III-ZUSATZ	P17	Moduln in nichtkommutativen Bereichen, insbesondere aus Differential- und Differenzenausdrücken	1920	Zusatz lines 10506–10507	EE226847656BC4D65EDDA9E9BF9BB1D25797C0C6D672D267D94A97FD88C7AD58	MATHLIB_MODERN_FORM	IsNoetherian quotient instances; Submodule.FG	NONE		audit_complete_development_open			neutral	Finite bases for families of quotient classes follow abstractly once the source ring's missing Noetherianity theorem is supplied.
NOETH-SCHM-1920-SATZ-IV	P17	Moduln in nichtkommutativen Bereichen, insbesondere aus Differential- und Differenzenausdrücken	1920	Satz IV line 10513	EE226847656BC4D65EDDA9E9BF9BB1D25797C0C6D672D267D94A97FD88C7AD58	GAP_CANDIDATE	No direct indecomposable-module or Krull–Schmidt existence declaration found in bounded relevant subtrees	NONE		dependency_graph_recorded			neutral	Needs finite indecomposable decomposition from a Noetherian/well-founded submodule lattice and translation to total-coprime irreducible intersections.
NOETH-SCHM-1920-DIAGONAL-UNIQUENESS	P17	Moduln in nichtkommutativen Bereichen, insbesondere aus Differential- und Differenzenausdrücken	1920	unnumbered uniqueness argument lines 10557–10567	EE226847656BC4D65EDDA9E9BF9BB1D25797C0C6D672D267D94A97FD88C7AD58	NEW_PACKAGING	orthogonal-idempotent and direct-sum module infrastructure only	NONE		audit_complete_development_open			neutral	Actual uniqueness holds when cross-idempotent products are diagonal; commutation is sufficient. The source's division by k−1 at 10437–10440 is separately recorded as a characteristic-sensitive proof caution.
NOETH-SCHM-1920-SATZ-V	P17	Moduln in nichtkommutativen Bereichen, insbesondere aus Differential- und Differenzenausdrücken	1920	Satz V lines 10620–10624	EE226847656BC4D65EDDA9E9BF9BB1D25797C0C6D672D267D94A97FD88C7AD58	MATHLIB_MODERN_FORM	Submodule.linearEquiv_of_sSup_eq_top; Submodule.linearEquiv_of_le_sSup; IsSemisimpleModule	NONE		audit_complete_development_open			neutral	Mathlib supplies the simple-factor matching core; identical embedded decompositions under unique matching and duplicate-factor clauses need source-shaped packaging.
NOETH-SCHM-1920-SATZ-VI	P17	Moduln in nichtkommutativen Bereichen, insbesondere aus Differential- und Differenzenausdrücken	1920	same-kind definition lines 10630–10640; Satz VI line 10644	EE226847656BC4D65EDDA9E9BF9BB1D25797C0C6D672D267D94A97FD88C7AD58	GAP_CANDIDATE	Submodule quotient lifts; LinearMap.mulRight; LinearEquiv primitives	NONE		dependency_graph_recorded			neutral	High-value source-specific target: define the two-sided intertwining predicate using right multiplication and prove it iff the quotient left modules are linearly equivalent.
NOETH-SCHM-1920-SATZ-VII	P17	Moduln in nichtkommutativen Bereichen, insbesondere aus Differential- und Differenzenausdrücken	1920	Satz VII line 10681	EE226847656BC4D65EDDA9E9BF9BB1D25797C0C6D672D267D94A97FD88C7AD58	MATHLIB_MODERN_FORM	simple-factor matching infrastructure; conditional on the missing Satz VI dictionary	NONE		dependency_graph_recorded			neutral	Translates Satz V to total-coprime prime-module/lcm decompositions; modern factor matching is only part of the result.
NOETH-SCHM-1920-SATZ-VIII	P17	Moduln in nichtkommutativen Bereichen, insbesondere aus Differential- und Differenzenausdrücken	1920	Satz VIII line 10690; proof lower bound line 10696	EE226847656BC4D65EDDA9E9BF9BB1D25797C0C6D672D267D94A97FD88C7AD58	GAP_CANDIDATE	semisimple direct-sum and isotypic-component infrastructure only	NONE		dependency_graph_recorded			neutral	Infinitely many distinct embedded decompositions over an infinite central constant field are not packaged. A formal statement must include at least two factors; statement scope is open canon review.
NOETH-SCHM-1920-SATZ-IX	P17	Moduln in nichtkommutativen Bereichen, insbesondere aus Differential- und Differenzenausdrücken	1920	Satz IX lines 10882–10886	EE226847656BC4D65EDDA9E9BF9BB1D25797C0C6D672D267D94A97FD88C7AD58	GAP_CANDIDATE	IsSemisimpleModule and isotypic components are a scaffold	NONE		dependency_graph_recorded			neutral	The iff between infinitely many prime decompositions and repeated same-kind factors needs embedded-decomposition and source-divisor infrastructure.
NOETH-SCHM-1920-HILFSSATZ	P17	Moduln in nichtkommutativen Bereichen, insbesondere aus Differential- und Differenzenausdrücken	1920	Hilfssatz lines 10890–10892	EE226847656BC4D65EDDA9E9BF9BB1D25797C0C6D672D267D94A97FD88C7AD58	MATHLIB_MODERN_FORM	Submodule.linearEquiv_of_le_sSup; simple-factor matching	NONE		audit_complete_development_open			neutral	Near-exact abstract matching core; the additional prime-divisor and same-kind presentation still depends on the source dictionary and Satz VI.
NOETH-SCHM-1920-SATZ-X	P17	Moduln in nichtkommutativen Bereichen, insbesondere aus Differential- und Differenzenausdrücken	1920	Satz X line 10906	EE226847656BC4D65EDDA9E9BF9BB1D25797C0C6D672D267D94A97FD88C7AD58	GAP_CANDIDATE	No exact greatest-semisimple-divisor or infinitude criterion found	NONE		dependency_graph_recorded			neutral	Requires a formal greatest fully reducible divisor and the same-kind prime-divisor criterion over infinitely many central constants.
NOETH-SCHM-1920-SATZ-XI	P17	Moduln in nichtkommutativen Bereichen, insbesondere aus Differential- und Differenzenausdrücken	1920	Satz XI line 10918; analytic qualifications lines 10920–10921	EE226847656BC4D65EDDA9E9BF9BB1D25797C0C6D672D267D94A97FD88C7AD58	DEFERRED_INFRASTRUCTURE	finite-dimensional linear algebra exists; no matching skew differential-operator and analytic PDE solution theorem found	NONE		dependency_graph_recorded			neutral	Formalization needs the later analytic/regular-locus hypotheses, differential operator semantics, formal integrability, and the finite PDE converse.
NOETH-SCHM-1920-SATZ-XII	P17	Moduln in nichtkommutativen Bereichen, insbesondere aus Differential- und Differenzenausdrücken	1920	Satz XII line 10970; transport identities lines 10972–10979	EE226847656BC4D65EDDA9E9BF9BB1D25797C0C6D672D267D94A97FD88C7AD58	DEFERRED_INFRASTRUCTURE	quotient/intertwiner linear algebra can package the inverse-on-kernels component	NONE		dependency_graph_recorded			neutral	The concrete mutually inverse differential-operator transport of complete analytic solution spaces depends on the missing operator/PDE layer.
NOETH-1927-AXIOMS-I-V	P30	Abstrakter Aufbau der Idealtheorie in algebraischen Zahl- und Funktionenkörpern	1927	axioms I–V and characterization lines 14354–14389; proof correction lines 14391–14404	EE226847656BC4D65EDDA9E9BF9BB1D25797C0C6D672D267D94A97FD88C7AD58	MATHLIB_MODERN_FORM	IsDedekindDomain; isDedekindDomain_iff; Ring.DimensionLEOne	NONE		audit_complete_development_open			historical_correction_recorded	Mathlib replaces source Axiom II by dimension at most one. Noether's correction of the 1921 unassumed-unit proof is authorial mathematics, not a transcription defect.
NOETH-1927-AXIOM-II-BRIDGE	P30	Abstrakter Aufbau der Idealtheorie in algebraischen Zahl- und Funktionenkörpern	1927	Axiom II lines 14377–14380	EE226847656BC4D65EDDA9E9BF9BB1D25797C0C6D672D267D94A97FD88C7AD58	FORMALIZED_GAP	IsArtinianRing; Ring.DimensionLEOne; Ideal.krullDimLE_zero_quotient_iff_forall_minimalPrimes_isMaximal; IsNoetherianRing.isArtinianRing_of_krullDimLE_zero; IsArtinianRing.isField_of_isDomain; isNoetherianRing_of_surjective	FORMALIZED_BRIDGE	MathematicalCommons.Noether.DedekindTheory1927.artinian_nonzero_quotients_iff_dimensionLEOne	built_v4.31.0	artifacts/build/DedekindTheory1927-20260825T0030012236532-128b5301.receipt.json	propext; Classical.choice; Quot.sound	neutral	The promoted equivalence needs only commutativity and Noetherianity, not a domain assumption. It packages both directions through Artinian-domain fields, minimal primes of quotients, and the Noetherian zero-dimensional Artinian theorem; it is not the full five-axiom characterization.
NOETH-1927-INTEGRAL-FINITE-ORDER	P30	Abstrakter Aufbau der Idealtheorie in algebraischen Zahl- und Funktionenkörpern	1927	integrality definitions lines 14589–14627; Hilfssatz lines 14633–14635	EE226847656BC4D65EDDA9E9BF9BB1D25797C0C6D672D267D94A97FD88C7AD58	MATHLIB_MODERN_FORM	IsIntegral; Algebra.IsIntegral.of_finite; Algebra.finite_adjoin_simple_of_isIntegral	NONE		audit_complete_development_open			neutral	Mathlib uses monic polynomials and finite algebra/module structures; the source's three-definition equivalence and finite-order wording are not packaged verbatim.
NOETH-1927-INTEGRAL-TRANSITIVITY	P30	Abstrakter Aufbau der Idealtheorie in algebraischen Zahl- und Funktionenkörpern	1927	transitive law lines 14666–14678	EE226847656BC4D65EDDA9E9BF9BB1D25797C0C6D672D267D94A97FD88C7AD58	MATHLIB_EXACT	isIntegral_trans; Algebra.IsIntegral	NONE		audit_complete_no_local_code			neutral	Exact modern algebra-tower form; no source-shaped wrapper is needed for mathematical coverage.
NOETH-1927-DEDEKIND-COR-I	P30	Abstrakter Aufbau der Idealtheorie in algebraischen Zahl- und Funktionenkörpern	1927	Dedekindsche Folgerung I lines 14693–14715	EE226847656BC4D65EDDA9E9BF9BB1D25797C0C6D672D267D94A97FD88C7AD58	GAP_CANDIDATE	IsIntegral; IsNoetherianRing; integralClosure	NONE		dependency_graph_recorded			neutral	No exact declaration was found for the last integral term in the sequence c, cβ, cβ², ...; the bounded proof should expose the source's nonintegrality and nonzero hypotheses.
NOETH-1927-DEDEKIND-COR-II	P30	Abstrakter Aufbau der Idealtheorie in algebraischen Zahl- und Funktionenkörpern	1927	Dedekindsche Folgerung II lines 14726–14740	EE226847656BC4D65EDDA9E9BF9BB1D25797C0C6D672D267D94A97FD88C7AD58	GAP_CANDIDATE	FractionRing; IsIntegral; IsIntegrallyClosed	NONE		dependency_graph_recorded			neutral	Source-shaped numerator-square theorem: a nonintegral fraction β admits β=m/n with m²/n nonintegral. No exact pinned declaration was found.
NOETH-1927-MODULSATZ	P30	Abstrakter Aufbau der Idealtheorie in algebraischen Zahl- und Funktionenkörpern	1927	Modulsatz lines 14772–14775; corollary lines 14827–14830	EE226847656BC4D65EDDA9E9BF9BB1D25797C0C6D672D267D94A97FD88C7AD58	MATHLIB_MODERN_FORM	Module.Finite; IsNoetherian; IsArtinian; IsNoetherianRing.of_finite; IsArtinianRing.of_finite	NONE		audit_complete_development_open			neutral	Modern transfer is instance-driven. The source's quotient-modulo-module corollary has extra nonzero-coordinate-ideal conditions not separately packaged.
NOETH-1927-FINITE-EXTENSION	P30	Abstrakter Aufbau der Idealtheorie in algebraischen Zahl- und Funktionenkörpern	1927	§3 finite first-kind extension result lines 14875–14895	EE226847656BC4D65EDDA9E9BF9BB1D25797C0C6D672D267D94A97FD88C7AD58	MATHLIB_MODERN_FORM	IsIntegralClosure.finite; IsIntegralClosure.isDedekindDomain; integralClosure.isDedekindDomain	NONE		audit_complete_no_local_code			neutral	Mathlib's theorem assumes a finite separable extension and packages the conclusion as preservation of the Dedekind-domain class.
NOETH-1927-ISOMORPHISM-CRT	P30	Abstrakter Aufbau der Idealtheorie in algebraischen Zahl- und Funktionenkörpern	1927	§4 isomorphism theorems and direct-sum result lines 14913–14950	EE226847656BC4D65EDDA9E9BF9BB1D25797C0C6D672D267D94A97FD88C7AD58	MATHLIB_EXACT	Ideal.quotientInfRingEquivPiQuotient; Ideal.quotientInfEquivQuotientProd; quotient and isomorphism APIs	NONE		audit_complete_no_local_code			neutral	Mathlib gives modern quotient and CRT equivalences; the source notation reverses ideal divisibility/inclusion conventions.
NOETH-1927-SATZ-I	P30	Abstrakter Aufbau der Idealtheorie in algebraischen Zahl- und Funktionenkörpern	1927	Satz I line 15004	EE226847656BC4D65EDDA9E9BF9BB1D25797C0C6D672D267D94A97FD88C7AD58	MATHLIB_MODERN_FORM	exists_infIrred_decomposition	NONE		audit_complete_no_local_code			neutral	Mathlib uses finite infima and the order-theoretic InfIrred predicate rather than Noether's lcm/divisor terminology.
NOETH-1927-SATZ-II	P30	Abstrakter Aufbau der Idealtheorie in algebraischen Zahl- und Funktionenkörpern	1927	Satz II line 15011	EE226847656BC4D65EDDA9E9BF9BB1D25797C0C6D672D267D94A97FD88C7AD58	MATHLIB_EXACT	InfIrred.isPrimary	NONE		audit_complete_no_local_code			neutral	The Mathlib theorem is at submodule generality and specializes directly to ideals.
NOETH-1927-SATZ-III	P30	Abstrakter Aufbau der Idealtheorie in algebraischen Zahl- und Funktionenkörpern	1927	Satz III line 15034	EE226847656BC4D65EDDA9E9BF9BB1D25797C0C6D672D267D94A97FD88C7AD58	MATHLIB_MODERN_FORM	Submodule.isLasker; IsMinimalPrimaryDecomposition.image_radical_eq_associated_primes	NONE		audit_complete_development_open			neutral	Existence and distinct associated-prime packaging are modern; a source-ordered theorem matching the 1927 proof is not yet local.
NOETH-1927-ARTINIAN-DOMAIN-FIELD	P30	Abstrakter Aufbau der Idealtheorie in algebraischen Zahl- und Funktionenkörpern	1927	§7 fact line 15046	EE226847656BC4D65EDDA9E9BF9BB1D25797C0C6D672D267D94A97FD88C7AD58	MATHLIB_EXACT	IsArtinianRing.isField_of_isDomain	NONE		audit_complete_no_local_code			neutral	This is the key forward ingredient proposed for the source Axiom-II bridge.
NOETH-1927-SATZ-IV	P30	Abstrakter Aufbau der Idealtheorie in algebraischen Zahl- und Funktionenkörpern	1927	Satz IV line 15065	EE226847656BC4D65EDDA9E9BF9BB1D25797C0C6D672D267D94A97FD88C7AD58	MATHLIB_MODERN_FORM	IsMinimalPrimaryDecomposition.image_radical_eq_associated_primes; comap-localization uniqueness APIs	NONE		audit_complete_development_open			neutral	Mathlib has stronger modern primary-decomposition uniqueness statements; matching Noether's nonunit components under her double-chain hypothesis needs source-shaped packaging.
NOETH-1927-SATZ-V	P30	Abstrakter Aufbau der Idealtheorie in algebraischen Zahl- und Funktionenkörpern	1927	Satz V line 15081; Hilfssatz and Zusatz lines 15089–15091	EE226847656BC4D65EDDA9E9BF9BB1D25797C0C6D672D267D94A97FD88C7AD58	GAP_CANDIDATE	primary decomposition; Ideal.quotientInfRingEquivPiQuotient; pairwise coprime ideal infrastructure	NONE		dependency_graph_recorded			neutral	The exact unique product of pairwise coprime primary components was not found as one pinned declaration; it should be derived without conflating infimum and product before coprimality is proved.
NOETH-1927-SATZ-VI	P30	Abstrakter Aufbau der Idealtheorie in algebraischen Zahl- und Funktionenkörpern	1927	Satz VI line 15233; prime-power lemmas lines 15108–15231	EE226847656BC4D65EDDA9E9BF9BB1D25797C0C6D672D267D94A97FD88C7AD58	MATHLIB_MODERN_FORM	Ideal.uniqueFactorizationMonoid; Ideal.dvd_iff_le; Ideal.finite_factors; Ideal.finprod_heightOneSpectrum_factorization	NONE		audit_complete_no_local_code			neutral	Mathlib expresses unique factorization through a UFM instance and height-one-prime products rather than Noether's displayed finite prime-power product.
NOETH-1927-FACTORIZATION-CONVERSE	P30	Abstrakter Aufbau der Idealtheorie in algebraischen Zahl- und Funktionenkörpern	1927	converse development lines 15243–15369	EE226847656BC4D65EDDA9E9BF9BB1D25797C0C6D672D267D94A97FD88C7AD58	GAP_CANDIDATE	Ideal.uniqueFactorizationMonoid; isDedekindDomain_iff; FractionalIdeal.semifield	NONE		dependency_graph_recorded			neutral	Individual consequences are available, but no source-shaped package was found deriving all five axioms from Noether's sharp unique prime-power factorization hypothesis.
NOETH-1927-FRACTIONAL-IDEAL-GROUP	P30	Abstrakter Aufbau der Idealtheorie in algebraischen Zahl- und Funktionenkörpern	1927	§9 Satz lines 15318–15341	EE226847656BC4D65EDDA9E9BF9BB1D25797C0C6D672D267D94A97FD88C7AD58	MATHLIB_EXACT	FractionalIdeal.semifield	NONE		audit_complete_no_local_code			neutral	The semifield structure is stronger than the source's abelian group of nonzero finite fractional ideals.
NOETH-1927-FINITE-LENGTH	P30	Abstrakter Aufbau der Idealtheorie in algebraischen Zahl- und Funktionenkörpern	1927	§10 double-chain/composition-series equivalence lines 15415–15438	EE226847656BC4D65EDDA9E9BF9BB1D25797C0C6D672D267D94A97FD88C7AD58	MATHLIB_EXACT	exists_compositionSeries_of_isNoetherian_isArtinian; isFiniteLength_iff_isNoetherian_isArtinian; isFiniteLength_iff_exists_compositionSeries	NONE		audit_complete_no_local_code			neutral	Mathlib packages both chain conditions as finite length and the existence of a composition series.
NOETH-1927-JORDAN-HOLDER	P30	Abstrakter Aufbau der Idealtheorie in algebraischen Zahl- und Funktionenkörpern	1927	Jordan–Hölder statement lines 15464–15467; proof lines 15507–15527	EE226847656BC4D65EDDA9E9BF9BB1D25797C0C6D672D267D94A97FD88C7AD58	MATHLIB_EXACT	JordanHolderModule.instJordanHolderLattice; CompositionSeries.jordan_holder; CompositionSeries.Equivalent.length_eq	NONE		audit_complete_no_local_code			neutral	Modern equivalence identifies length and composition factors up to permutation and the lattice's factor isomorphisms.
NOETH-1919-BINARY-INTEGRAL-INVARIANTS-FG	P15	Die Endlichkeit des Systems der ganzzahligen Invarianten binärer Formen	1919	main statement lines 9303–9305; one-form conclusion line 9513; systems line 9515	EE226847656BC4D65EDDA9E9BF9BB1D25797C0C6D672D267D94A97FD88C7AD58	GAP_CANDIDATE	fixed-ring integrality and Artin–Tate are abstract ingredients only	NONE		dependency_graph_recorded			neutral	Requires the raw-coefficient binary-form action, relative invariants over the integers, factored-form transport, and the integral relation/denominator arguments.
NOETH-1919-LINEAR-DETERMINANT-GENERATION	P15	Die Endlichkeit des Systems der ganzzahligen Invarianten binärer Formen	1919	Satz I line 9320; proof conclusion line 9836	EE226847656BC4D65EDDA9E9BF9BB1D25797C0C6D672D267D94A97FD88C7AD58	GAP_CANDIDATE	MvPolynomial and determinant infrastructure; no Plücker coordinate-ring presentation found	NONE		dependency_graph_recorded			neutral	The elementary bracket identity is only a support fact; Satz I needs generation of every integral invariant and the full integral relation ideal.
NOETH-1919-DIVISIVE-MONOMIAL-BASIS	P15	Die Endlichkeit des Systems der ganzzahligen Invarianten binärer Formen	1919	Satz II lines 9322–9330	EE226847656BC4D65EDDA9E9BF9BB1D25797C0C6D672D267D94A97FD88C7AD58	MATHLIB_MODERN_FORM	Submonoid.fg_of_divisive; AddSubmonoid.fg_of_subtractive; AddSubmonoid.fg_eqLocusM	NONE		audit_complete_development_open			neutral	Exact for the multiplicatively closed exponent system used in §2. Literal Satz II states quotient closure but does not separately display product closure, so source-general exactness is not claimed.
NOETH-1919-MULTISYMMETRIC-FG	P15	Die Endlichkeit des Systems der ganzzahligen Invarianten binärer Formen	1919	Satz III lines 9332–9349	EE226847656BC4D65EDDA9E9BF9BB1D25797C0C6D672D267D94A97FD88C7AD58	GAP_CANDIDATE	MvPolynomial.esymmAlgEquiv covers ordinary symmetry; fixedPoints_finiteType can give nonexplicit finite generation after modeling row permutations	NONE		dependency_graph_recorded			neutral	No exact pinned multisymmetric row-permutation theorem or explicit polarized-power-sum basis was found.
NOETH-1919-MULTISYMMETRIC-EXPLICIT-BASIS	P15	Die Endlichkeit des Systems der ganzzahligen Invarianten binärer Formen	1919	explicit bounded-exponent orbit-sum result lines 9350–9361	EE226847656BC4D65EDDA9E9BF9BB1D25797C0C6D672D267D94A97FD88C7AD58	GAP_CANDIDATE	ordinary symmetric polynomial APIs only	NONE		dependency_graph_recorded			neutral	Requires simultaneous row permutations and the claim that orbit sums with every exponent below n plus elementary functions generate integrally.
NOETH-1919-FIXED-DENOMINATOR-FG	P15	Die Endlichkeit des Systems der ganzzahligen Invarianten binärer Formen	1919	Satz IV lines 9363–9379	EE226847656BC4D65EDDA9E9BF9BB1D25797C0C6D672D267D94A97FD88C7AD58	GAP_CANDIDATE	MvPolynomial.isNoetherianRing; Ideal.fg_of_isNoetherianRing	NONE		formalization_target_identified			neutral	Small target: identify the numerator preimage of the principal ideal generated by a and translate a finite ideal basis into finitely many integral fractions.
NOETH-1919-ELEMENTARY-RELATION-TRANSFER	P15	Die Endlichkeit des Systems der ganzzahligen Invarianten binärer Formen	1919	identity-transfer argument lines 9411–9424	EE226847656BC4D65EDDA9E9BF9BB1D25797C0C6D672D267D94A97FD88C7AD58	MATHLIB_MODERN_FORM	MvPolynomial.esymmAlgHom_injective; MvPolynomial.esymmAlgEquiv	NONE		audit_complete_development_open			neutral	Ordinary elementary-symmetric injectivity is present; source-specific homogenized coefficient and binary-factor substitution maps remain to package.
NOETH-1919-FACTORED-FORM-CORRESPONDENCE	P15	Die Endlichkeit des Systems der ganzzahligen Invarianten binärer Formen	1919	factored-form construction lines 9427–9450; characterization lines 9452–9458	EE226847656BC4D65EDDA9E9BF9BB1D25797C0C6D672D267D94A97FD88C7AD58	GAP_CANDIDATE	MvPolynomial substitution and symmetric-polynomial infrastructure only	NONE		dependency_graph_recorded			neutral	Needs an equivalence between generic binary-form invariants and row-symmetric equal-multihomogeneous polynomials in the linear factors, including basis transport.
NOETH-1919-RELATION-IDEAL-MOD-P	P15	Die Endlichkeit des Systems der ganzzahligen Invarianten binärer Formen	1919	mod-p relation lifting lines 9534–9542; determinant representability lines 9544–9571	EE226847656BC4D65EDDA9E9BF9BB1D25797C0C6D672D267D94A97FD88C7AD58	GAP_CANDIDATE	ideal map/comap and polynomial coefficient reduction infrastructure only	NONE		dependency_graph_recorded			neutral	The equality M_p=(M,p) and its uniform integral lifting consequence were not found as a pinned declaration.
NOETH-1919-PLUCKER-QUADRATIC-IDENTITY	P15	Die Endlichkeit des Systems der ganzzahligen Invarianten binärer Formen	1919	quadratic bracket relation lines 9573–9581	EE226847656BC4D65EDDA9E9BF9BB1D25797C0C6D672D267D94A97FD88C7AD58	NEW_PACKAGING	commutative ring normalization	PROMOTED_SUPPORT	MathematicalCommons.Noether.IntegralInvariants1919.pluckerRelation	built_v4.31.0	artifacts/build/IntegralInvariants1919-20260825T0029213983058-a9f740c7.receipt.json	propext; Quot.sound	neutral	Only the four-index determinant identity is proved. It does not imply relation-ideal generation, straightening, reduction modulo every prime, or Satz I.
NOETH-1920-PLUCKER-NORMAL-FORM	P16	Zur Reihenentwicklung in der Formentheorie	1920	complex-coordinate normal form [1] lines 9921–9931	EE226847656BC4D65EDDA9E9BF9BB1D25797C0C6D672D267D94A97FD88C7AD58	GAP_CANDIDATE	MvPolynomial.bind₁; RingHom.ker; Matrix.det_fin_two; Ideal.Quotient.mk_eq_mk_iff_sub_mem	NONE		dependency_graph_recorded			neutral	Requires the quadratic Plücker presentation, a distinguished coefficient-normalized representative, and the iterative expansion; generic quotient classes do not supply Noether's normal form.
NOETH-1920-DEPENDENT-ROW-NORMAL-FORM	P16	Zur Reihenentwicklung in der Formentheorie	1920	dependent-row specialization [2] lines 9933–9939	EE226847656BC4D65EDDA9E9BF9BB1D25797C0C6D672D267D94A97FD88C7AD58	GAP_CANDIDATE	MvPolynomial.bind₁; RingHom.ker; Matrix.det_fin_three	NONE		dependency_graph_recorded			neutral	The exact kernel equality ker(substitution)=(Δ), the polar construction of Φ, and the iteration are absent; determinant vanishing alone would prove only one inclusion.
NOETH-1920-SUBSTITUTION-RELATION-CONGRUENCE	P16	Zur Reihenentwicklung in der Formentheorie	1920	abstract substitution and congruence [3] lines 9941–9947	EE226847656BC4D65EDDA9E9BF9BB1D25797C0C6D672D267D94A97FD88C7AD58	NEW_PACKAGING	MvPolynomial.bind₁; RingHom.sub_mem_ker_iff	PROMOTED_SUPPORT	MathematicalCommons.Noether.SeriesExpansion1920.sub_mem_relationIdeal_iff	built_v4.31.0	artifacts/build/SeriesExpansion1920-20260825T0029414254411-30236083.receipt.json	propext; Classical.choice; Quot.sound	neutral	The promoted source-shaped wrapper covers only equality after substitution iff the difference lies in the relation ideal; it does not construct or characterize Fischer's normal form.
NOETH-1920-FISCHER-NORMAL-FORM	P16	Zur Reihenentwicklung in der Formentheorie	1920	Fischer setup line 9949; formulas [4]–[6] lines 9961–9985	EE226847656BC4D65EDDA9E9BF9BB1D25797C0C6D672D267D94A97FD88C7AD58	GAP_CANDIDATE	MvPolynomial.eval₂Hom; MvPolynomial.pderiv; Module.End.eigenspace	NONE		dependency_graph_recorded			neutral	Needs the Fischer/apolar pairing on finite homogeneous degree pieces, the S=AB operator, spectral projection, explicit polar specialization, and rationality of the coefficients.
NOETH-1920-OMEGA-SERIES-EXPANSION	P16	Zur Reihenentwicklung in der Formentheorie	1920	formulas [2a] and [7]–[9], and explicit expansion lines 9986–10034	EE226847656BC4D65EDDA9E9BF9BB1D25797C0C6D672D267D94A97FD88C7AD58	GAP_CANDIDATE	Matrix.det; MvPolynomial.pderiv; Module.End.eigenspace	NONE		dependency_graph_recorded			canon_resolved_keep_print_faithful	Needs the principal determinant kernel, Ω and polar operators, commutation identities, degree termination, and Fischer coefficients. Formula [9]'s leading equality is primary-witness-confirmed continuation from F_i, not a missing token.
NOETH-1920-DETERMINANT-COORDINATE-EIGENFORM	P16	Zur Reihenentwicklung in der Formentheorie	1920	successive-minor normal form and eigenrelation [10] lines 10036–10055	EE226847656BC4D65EDDA9E9BF9BB1D25797C0C6D672D267D94A97FD88C7AD58	GAP_CANDIDATE	Matrix.det; MvPolynomial.bind₁; MvPolynomial.pderiv; Module.End.mem_eigenspace_iff	NONE		dependency_graph_recorded			neutral	Requires higher Plücker relation ideals, the specialized S operator, proof that S kills the relation ideal, and the invariant-eigenfunction uniqueness claim. An S-eigenvalue a₁⁻¹ requires a₁≠0.
NOETH-1920-P08-PROOF-CORRECTION	P16	Zur Reihenentwicklung in der Formentheorie	1920	authorial correction lines 9953–9957; corrected P08 step line 6295 and series (3) lines 6291–6309	EE226847656BC4D65EDDA9E9BF9BB1D25797C0C6D672D267D94A97FD88C7AD58	GAP_CANDIDATE	Matrix.det; MvPolynomial.pderiv	NONE		audit_complete_no_local_code			historical_correction_recorded	The identity Ω(Δψ)=c₁ψ+c₂ΔΩ(ψ) is only binary. P08 formula (2) and reduction theorem (1) survive, but the old proof of series (3) is insufficient; P16 gives the repair strategy.
NOETH-1920-P09-CONJUGATE-FIELD-CORRECTION	P16	Zur Reihenentwicklung in der Formentheorie	1920	authorial correction line 10061; affected P09 lines 7220, 7288–7289, and 7317	EE226847656BC4D65EDDA9E9BF9BB1D25797C0C6D672D267D94A97FD88C7AD58	MATHLIB_MODERN_FORM	IntermediateField.adjoin; IntermediateField.normalClosure; minpoly	NONE		audit_complete_no_local_code			historical_correction_recorded	The relevant fields must adjoin every conjugate of y or Y over H. Mathlib supplies conjugate-closure substrate, but the corrected intermediate-field proof is not packaged.
NOETH-1920-P11-HILBERT-IRREDUCIBILITY-CORRECTION	P16	Zur Reihenentwicklung in der Formentheorie	1920	authorial correction line 10063; corrected P11 hypothesis line 7916	EE226847656BC4D65EDDA9E9BF9BB1D25797C0C6D672D267D94A97FD88C7AD58	DEFERRED_INFRASTRUCTURE	NumberField; NumberField.isAlgebraic; IsAlgClosed.splits; AlgebraicClosure	NONE		audit_complete_no_local_code			historical_correction_recorded	NumberField exactly captures the finite algebraic number-field hypothesis, not finitely many adjoined parameters. No Hilbert-irreducibility declaration was located by bounded exact-revision search; splitting alone does not package triviality of the equation group.
NOETH-1927-PRIMARY-DECOMPOSITION-CRT	P31	Der Diskriminantensatz für die Ordnungen eines algebraischen Zahl- oder Funktionenkörpers	1927	§2 decomposition and CRT lines 15706–15763	EE226847656BC4D65EDDA9E9BF9BB1D25797C0C6D672D267D94A97FD88C7AD58	MATHLIB_MODERN_FORM	Submodule.isLasker; IsLasker.exists_isMinimalPrimaryDecomposition; Ideal.quotientInfRingEquivPiQuotient; IsArtinianRing.equivPi	NONE		audit_complete_development_open			neutral	General primary decomposition and CRT exist, but the source-shaped Artinian uniqueness and pairwise-comaximal product package is not one pinned declaration.
NOETH-1927-DISCRIMINANT-SCALAR-EXTENSION	P31	Der Diskriminantensatz für die Ordnungen eines algebraischen Zahl- oder Funktionenkörpers	1927	§3 Satz lines 15792–15828	EE226847656BC4D65EDDA9E9BF9BB1D25797C0C6D672D267D94A97FD88C7AD58	MATHLIB_MODERN_FORM	Algebra.Etale.iff_exists_algEquiv_prod; Algebra.Etale.baseChange; IsArtinianRing.equivPi	NONE		audit_complete_axiom_caveat			proof_wanted_dependency	The forward direction is exact. The reverse faithfully-flat étale descent route depends on a proof_wanted declaration in the pinned revision and must not be presented as axiom-free.
NOETH-1927-DISCRIMINANT-SPLITTING-COROLLARY	P31	Der Diskriminantensatz für die Ordnungen eines algebraischen Zahl- oder Funktionenkörpers	1927	§3 Folgerung lines 15830–15843	EE226847656BC4D65EDDA9E9BF9BB1D25797C0C6D672D267D94A97FD88C7AD58	GAP_CANDIDATE	Algebra.FormallyEtale.equivPiOfIsSepClosed; Algebra.Etale.iff_exists_algEquiv_prod	NONE		dependency_graph_recorded			neutral	Splitting over a separably closed field is covered; Noether's single finite splitting extension Ω is not packaged.
NOETH-1927-DISCRIMINANT-ALGEBRA-CRITERION	P31	Der Diskriminantensatz für die Ordnungen eines algebraischen Zahl- oder Funktionenkörpers	1927	§6 Satz lines 15992–15994	EE226847656BC4D65EDDA9E9BF9BB1D25797C0C6D672D267D94A97FD88C7AD58	GAP_CANDIDATE	Algebra.discr; Algebra.discr_not_zero_of_basis; Algebra.traceForm_nondegenerate_tfae; Algebra.Etale.iff_exists_algEquiv_prod	NONE		dependency_graph_recorded			neutral	Pinned constituents do not give one general finite-commutative-algebra theorem equating nonzero discriminant with a product of separable fields.
NOETH-1927-TRACE-NORM-DISCRIMINANT-EMBEDDINGS	P31	Der Diskriminantensatz für die Ordnungen eines algebraischen Zahl- oder Funktionenkörpers	1927	§6 conjugate formulas lines 15998–16017	EE226847656BC4D65EDDA9E9BF9BB1D25797C0C6D672D267D94A97FD88C7AD58	MATHLIB_EXACT	Algebra.trace_eq_sum_embeddings; Algebra.norm_eq_prod_embeddings_gen; Algebra.discr_eq_det_embeddingsMatrixReindex_pow_two	NONE		audit_complete_no_local_code			neutral	Exact for the modern finite separable field setting; preserve the source caveat that the conjugate field copies are equivalent rather than literally identical subfields.
NOETH-1927-DISCRIMINANT-QUOTIENT-REDUCTION	P31	Der Diskriminantensatz für die Ordnungen eines algebraischen Zahl- oder Funktionenkörpers	1927	§7 quotient-discriminant reduction line 16041	EE226847656BC4D65EDDA9E9BF9BB1D25797C0C6D672D267D94A97FD88C7AD58	NEW_PACKAGING	Algebra.trace_quotient_mk; Algebra.discr_def; RingHom.map_det; basisQuotient	PROMOTED_SUPPORT	MathematicalCommons.Noether.DiscriminantTheorem1927.discr_basisQuotient	built_v4.31.0	artifacts/build/DiscriminantTheorem1927-20260825T0157441688080-096019d5.receipt.json	propext; Classical.choice; Quot.sound	neutral	Promoted theorem is the local maximal-ideal finite-free discriminant reduction only; it does not prove the arbitrary-order theorem, primary-component criterion, or reverse étale descent.
NOETH-1927-ORDER-DISCRIMINANT-THEOREM	P31	Der Diskriminantensatz für die Ordnungen eines algebraischen Zahl- oder Funktionenkörpers	1927	§7 Diskriminantensatz lines 16045–16049	EE226847656BC4D65EDDA9E9BF9BB1D25797C0C6D672D267D94A97FD88C7AD58	GAP_CANDIDATE	Submodule.isLasker; Ideal.quotientInfRingEquivPiQuotient; Algebra.trace_quotient_mk; Algebra.IsSeparable	NONE		dependency_graph_recorded			canon_context_resolved	No pinned theorem combines arbitrary finite orders, proper primary components, inseparable residue primes, and discriminant divisibility. Canon review confirms that u is introduced by the cited function-domain construction.
NOETH-1927-RELATIVE-ORDER-DISCRIMINANT-THEOREM	P31	Der Diskriminantensatz für die Ordnungen eines algebraischen Zahl- oder Funktionenkörpers	1927	§8 Allgemeiner Diskriminantensatz lines 16075–16077	EE226847656BC4D65EDDA9E9BF9BB1D25797C0C6D672D267D94A97FD88C7AD58	GAP_CANDIDATE	IsLocalization.orderIsoOfPrime; Algebra.discr_localizationLocalization; differentIdeal; Ideal.relNorm	NONE		dependency_graph_recorded			neutral	The relative discriminant ideal of an arbitrary order and its primary-component criterion are not combined in pinned Mathlib.
NOETH-1927-MAXIMAL-ORDER-RAMIFICATION	P31	Der Diskriminantensatz für die Ordnungen eines algebraischen Zahl- oder Funktionenkörpers	1927	Dedekind statement line 15608; relative specialization line 16081	EE226847656BC4D65EDDA9E9BF9BB1D25797C0C6D672D267D94A97FD88C7AD58	MATHLIB_MODERN_FORM	NumberField.not_dvd_discr_iff_forall_mem; dvd_differentIdeal_iff; Ideal.ramificationIdx_ne_one_iff; Ideal.relNorm	NONE		audit_complete_no_local_code			neutral	The maximal-order criterion is derivable in modern discriminant, different, and unramified language, but there is no single source-shaped declaration and it must not be conflated with the arbitrary-order theorem.
NOETH-1919-PLUCKER-IDEAL	P15	Die Endlichkeit des Systems der ganzzahligen Invarianten binärer Formen	1919	quadratic relations lines 9573–9594; equality with full relation ideal lines 9830–9836	EE226847656BC4D65EDDA9E9BF9BB1D25797C0C6D672D267D94A97FD88C7AD58	GAP_CANDIDATE	Module.Grassmannian lacks the needed pinned coordinate-ring presentation	NONE		dependency_graph_recorded			neutral	High-value target: prove the quadratic Plücker ideal equals the full integral kernel and retains the required relation after every prime reduction.
NOETH-1919-STANDARD-MONOMIAL-NORMAL-FORM	P15	Die Endlichkeit des Systems der ganzzahligen Invarianten binärer Formen	1919	four-row straightening lines 9637–9645; general existence lines 9707–9766; uniqueness lines 9695 and 9783–9795	EE226847656BC4D65EDDA9E9BF9BB1D25797C0C6D672D267D94A97FD88C7AD58	GAP_CANDIDATE	polynomial normalization and well-founded rewriting are generic ingredients only	NONE		blocked_canon_for_source_exact_proof			open_canon_qa	Lines 9653 and 9699–9703 have reported formula omissions/duplication. The theorem remains a gap, but a source-exact proof transcription must wait for canon review.
NOETH-1919-FINITE-GROUP-AVERAGE	P15	Die Endlichkeit des Systems der ganzzahligen Invarianten binärer Formen	1919	orbit-average argument lines 9851–9856	EE226847656BC4D65EDDA9E9BF9BB1D25797C0C6D672D267D94A97FD88C7AD58	MATHLIB_EXACT	GroupAlgebra.average; Representation.averageMap_invariant; Representation.averageMap_id	NONE		audit_complete_no_local_code			neutral	Exact after the source's finite linear action is modeled as a representation and the necessary group-order scalar is invertible.
NOETH-1919-FINITE-GROUP-INTEGRAL-FG	P15	Die Endlichkeit des Systems der ganzzahligen Invarianten binärer Formen	1919	finite linear group over algebraic integers lines 9858–9890	EE226847656BC4D65EDDA9E9BF9BB1D25797C0C6D672D267D94A97FD88C7AD58	GAP_CANDIDATE	Algebra.IsInvariant.isIntegral; fg_of_fg_of_fg	FORMALIZED_ABSTRACT_CORE	MathematicalCommons.Noether.ModularInvariants1926.fixedPoints_finiteType	built_v4.31.0	artifacts/build/ModularInvariants1926-20260824T2315501664582-da8e5c67.receipt.json	propext; Classical.choice; Quot.sound	open_canon_qa	The abstract fixed-ring finite-type theorem is green, but the polynomial action, ring-of-integers specialization, and line-9886 scaling conflict remain.
NOETH-1919-CONJUGATE-CLOSED-RATIONAL-FG	P15	Die Endlichkeit des Systems der ganzzahligen Invarianten binärer Formen	1919	conjugate-closed rational-integer conclusion lines 9892–9896	EE226847656BC4D65EDDA9E9BF9BB1D25797C0C6D672D267D94A97FD88C7AD58	GAP_CANDIDATE	field embeddings and fixed-ring finite-generation infrastructure only	NONE		dependency_graph_recorded			neutral	Requires a formal conjugate-closed finite group action and descent of generators to rational integers.
NOETH-1923-GENERIC-COORDINATE-TRANSFORM	P24	Eliminationstheorie und allgemeine Idealtheorie	1923	definitions lines 13683–13697	EE226847656BC4D65EDDA9E9BF9BB1D25797C0C6D672D267D94A97FD88C7AD58	MATHLIB_MODERN_FORM	MvPolynomial; Ideal.map; Ideal.comap; AlgEquiv	NONE		dependency_graph_recorded			neutral	Generic linear coordinate change and pure-transcendental coefficient extension need a source-shaped model; primary preservation is not yet packaged.
NOETH-1923-GROUND-IDEAL-DEFINITION	P24	Eliminationstheorie und allgemeine Idealtheorie	1923	Grundideal definition lines 13701–13705	EE226847656BC4D65EDDA9E9BF9BB1D25797C0C6D672D267D94A97FD88C7AD58	MATHLIB_MODERN_FORM	IsLocalization; Ideal.map; Ideal.comap	PROMOTED_DEFINITION	MathematicalCommons.Noether.EliminationIdealTheory1923.groundIdeal	built_v4.31.0	artifacts/build/EliminationIdealTheory1923-20260825T0211115415031-5daeb94e.receipt.json		neutral	Promoted definition models the ground ideal as localization extension followed by contraction; identification with every stage of Noether's polynomial construction remains open.
NOETH-1923-ELIMINATION-NORM-DEFINITION	P24	Eliminationstheorie und allgemeine Idealtheorie	1923	module presentation and norm definitions lines 13707–13731	EE226847656BC4D65EDDA9E9BF9BB1D25797C0C6D672D267D94A97FD88C7AD58	GAP_CANDIDATE	Module.Basis.SmithNormalForm; Ideal.smithNormalForm; Ideal.smithCoeffs; Matrix.det	NONE		dependency_graph_recorded			neutral	Noether's successive elementary-divisor/resultant form is not Algebra.norm and has no pinned construction.
NOETH-1923-PRIMARY-COMPONENT-DIMENSION-DICTIONARY	P24	Eliminationstheorie und allgemeine Idealtheorie	1923	definitions lines 13733–13745	EE226847656BC4D65EDDA9E9BF9BB1D25797C0C6D672D267D94A97FD88C7AD58	GAP_CANDIDATE	Ideal.IsPrimary; associatedPrimes; Order.coheight	NONE		dependency_graph_recorded			neutral	The source dictionary depends on elimination norms and a primary-decomposition theory absent from the pinned snapshot.
NOETH-1923-PRIMARY-DECOMPOSITION-DICTIONARY	P24	Eliminationstheorie und allgemeine Idealtheorie	1923	chain and decomposition definitions lines 13747–13760	EE226847656BC4D65EDDA9E9BF9BB1D25797C0C6D672D267D94A97FD88C7AD58	MATHLIB_MODERN_FORM	IsNoetherianRing; Ideal.IsPrimary; Ideal.isPrime_radical	NONE		dependency_graph_recorded			neutral	Modern vocabulary exists, but pinned Mathlib does not package Noetherian primary-decomposition existence and isolated components.
NOETH-1923-INSEPARABILITY-DICTIONARY	P24	Eliminationstheorie und allgemeine Idealtheorie	1923	field definitions lines 13762–13764	EE226847656BC4D65EDDA9E9BF9BB1D25797C0C6D672D267D94A97FD88C7AD58	MATHLIB_MODERN_FORM	PerfectField; Algebra.IsSeparable; separableClosure; IsPurelyInseparable; finSepDegree; finInsepDegree	NONE		audit_complete_no_local_code			neutral	Vocabulary is modernized; Noether's exponent and reduced-degree conventions still need an explicit source dictionary.
NOETH-1923-HILFSSATZ-I	P24	Eliminationstheorie und allgemeine Idealtheorie	1923	Hilfssatz I line 13770	EE226847656BC4D65EDDA9E9BF9BB1D25797C0C6D672D267D94A97FD88C7AD58	GAP_CANDIDATE	Ideal.map_isPrime_of_surjective; IsLocalization.map_isPrime; scalar-extension infrastructure	NONE		dependency_graph_recorded			neutral	Prime and especially primary preservation under the generic pure-transcendental extension is not a source-shaped pinned theorem.
NOETH-1923-HILFSSATZ-II	P24	Eliminationstheorie und allgemeine Idealtheorie	1923	Hilfssatz II line 13784	EE226847656BC4D65EDDA9E9BF9BB1D25797C0C6D672D267D94A97FD88C7AD58	GAP_CANDIDATE	Ideal.map_inf; Ideal.comap_inf; localization lattice maps	NONE		dependency_graph_recorded			neutral	Finite-intersection transport has substrate, but irredundant primary-decomposition preservation depends on Hilfssatz I and missing decomposition infrastructure.
NOETH-1923-SATZ-I	P24	Eliminationstheorie und allgemeine Idealtheorie	1923	Satz I line 13790	EE226847656BC4D65EDDA9E9BF9BB1D25797C0C6D672D267D94A97FD88C7AD58	GAP_CANDIDATE	Smith-normal-form and radical/dimension infrastructure only	NONE		dependency_graph_recorded			neutral	The prime-power elimination form and norm identities are the missing core; generic radical/dimension facts do not imply them.
NOETH-1923-SATZ-II	P24	Eliminationstheorie und allgemeine Idealtheorie	1923	Satz II line 13808	EE226847656BC4D65EDDA9E9BF9BB1D25797C0C6D672D267D94A97FD88C7AD58	GAP_CANDIDATE	Order.coheight; Ideal.IsPrime	NONE		dependency_graph_recorded			neutral	The iff between primality and strict dimension drop requires Noether's dimension/elimination bridge and must exclude the source's unit-ideal convention in Mathlib form.
NOETH-1923-HILFSSATZ-III	P24	Eliminationstheorie und allgemeine Idealtheorie	1923	Hilfssatz III line 13812	EE226847656BC4D65EDDA9E9BF9BB1D25797C0C6D672D267D94A97FD88C7AD58	MATHLIB_EXACT	FiniteDimensional.isUnit; fieldOfFiniteDimensional	NONE		audit_complete_no_local_code			neutral	Exact for a finite-dimensional algebra that is a domain; a source-shaped quotient wrapper would be packaging only.
NOETH-1923-HILFSSATZ-IV	P24	Eliminationstheorie und allgemeine Idealtheorie	1923	Hilfssatz IV line 13840	EE226847656BC4D65EDDA9E9BF9BB1D25797C0C6D672D267D94A97FD88C7AD58	MATHLIB_EXACT	Ideal.Quotient.isDomain_iff_prime; FractionRing; IsFractionRing	NONE		audit_complete_no_local_code			neutral	Exact for proper prime ideals; Noether's inclusion of the unit ideal as prime is an authorial convention outside Mathlib's predicate.
NOETH-1923-SATZ-III	P24	Eliminationstheorie und allgemeine Idealtheorie	1923	Satz III and corollary lines 13852–13854	EE226847656BC4D65EDDA9E9BF9BB1D25797C0C6D672D267D94A97FD88C7AD58	GAP_CANDIDATE	Algebra.trdeg; MvPolynomial.vanishingIdeal_zeroLocus_eq_radical; MvPolynomial.IsPrime.vanishingIdeal_zeroLocus	NONE		dependency_graph_recorded			neutral	The Nullstellensatz corollary has modern coverage; generic-coordinate finite extension and exact transcendence-degree realization remain gaps.
NOETH-1923-HILFSSATZ-V	P24	Eliminationstheorie und allgemeine Idealtheorie	1923	Hilfssatz V line 13866 and formula line 13871	EE226847656BC4D65EDDA9E9BF9BB1D25797C0C6D672D267D94A97FD88C7AD58	GAP_CANDIDATE	PerfectRing.surjective_frobenius; Polynomial.natSepDegree; Frobenius polynomial infrastructure	NONE		dependency_graph_recorded			canon_resolved_keep_print_faithful	The Frobenius-power transfer to every variable needs the elimination form. Primary print confirms line 13871's reused i as historical dummy-index overloading.
NOETH-1923-SATZ-IV	P24	Eliminationstheorie und allgemeine Idealtheorie	1923	Satz IV and corollary lines 13878–13889	EE226847656BC4D65EDDA9E9BF9BB1D25797C0C6D672D267D94A97FD88C7AD58	GAP_CANDIDATE	minpoly; Polynomial.Splits; Algebra.IsSeparable; IsPurelyInseparable	NONE		dependency_graph_recorded			neutral	Identification of Noether's elementary form with the generic linear-form minimal polynomial and its inseparable multiplicity is missing.
NOETH-1923-SATZ-V	P24	Eliminationstheorie und allgemeine Idealtheorie	1923	Satz V line 13903	EE226847656BC4D65EDDA9E9BF9BB1D25797C0C6D672D267D94A97FD88C7AD58	GAP_CANDIDATE	Algebra.trdeg; associatedPrimes; associatedPrimes.finite; Module.supportDim	NONE		dependency_graph_recorded			neutral	The quotient-field trdeg equality and maximum-over-associated-primes equality are not packaged in the pinned revision.
NOETH-1923-SATZ-VI	P24	Eliminationstheorie und allgemeine Idealtheorie	1923	Satz VI line 13909	EE226847656BC4D65EDDA9E9BF9BB1D25797C0C6D672D267D94A97FD88C7AD58	GAP_CANDIDATE	Order.coheight and prime-chain infrastructure	NONE		dependency_graph_recorded			neutral	The order-theoretic step is available after choosing coheight, but the generic-scalar-extension and trdeg/hyperplane bridge is not.
NOETH-1923-SATZ-VII	P24	Eliminationstheorie und allgemeine Idealtheorie	1923	Satz VII lines 13927–13931	EE226847656BC4D65EDDA9E9BF9BB1D25797C0C6D672D267D94A97FD88C7AD58	MATHLIB_MODERN_FORM	Order.coheight; Order.coheight_eq_iSup_head_eq; Order.exists_series_of_coheight_eq_coe; ringKrullDim	NONE		audit_complete_no_local_code			neutral	Modern chain dimension covers proper primes; Noether's prime unit ideal and dimension minus one require a separate endpoint convention.
NOETH-1923-SATZ-VIII	P24	Eliminationstheorie und allgemeine Idealtheorie	1923	Satz VIII line 13939	EE226847656BC4D65EDDA9E9BF9BB1D25797C0C6D672D267D94A97FD88C7AD58	GAP_CANDIDATE	associatedPrimes; localization and primary vocabulary	NONE		dependency_graph_recorded			neutral	Needs primary decomposition and Noether's norm to identify isolated components and count distinct associated-prime dimensions.
NOETH-1923-HILFSSATZ-VI	P24	Eliminationstheorie und allgemeine Idealtheorie	1923	Hilfssatz VI line 13943	EE226847656BC4D65EDDA9E9BF9BB1D25797C0C6D672D267D94A97FD88C7AD58	NEW_PACKAGING	IsLocalization.map_inf; IsLocalization.mapFrameHom; Ideal.comap_inf	PROMOTED_SUPPORT	MathematicalCommons.Noether.EliminationIdealTheory1923.groundIdeal_inf	built_v4.31.0	artifacts/build/EliminationIdealTheory1923-20260825T0211115415031-5daeb94e.receipt.json	propext; Classical.choice; Quot.sound	neutral	Promoted theorem is the binary localization-contraction core; the finite-family source statement follows by iteration but primary-component identification and elimination norms remain open.
NOETH-1923-SATZ-IX	P24	Eliminationstheorie und allgemeine Idealtheorie	1923	Satz IX line 13991	EE226847656BC4D65EDDA9E9BF9BB1D25797C0C6D672D267D94A97FD88C7AD58	GAP_CANDIDATE	Ideal.IsPrimary; Ideal.isPrimary_iff	NONE		dependency_graph_recorded			neutral	The bridge from primary ideals to powers of irreducible elementary-divisor forms depends on the missing elimination construction.
NOETH-1923-SATZ-X	P24	Eliminationstheorie und allgemeine Idealtheorie	1923	Satz X line 14001	EE226847656BC4D65EDDA9E9BF9BB1D25797C0C6D672D267D94A97FD88C7AD58	GAP_CANDIDATE	associatedPrimes and primary/radical infrastructure only	NONE		dependency_graph_recorded			neutral	The claimed bijection with largest primary norm factors and identification of isolated components are absent.
NOETH-1923-SATZ-XI	P24	Eliminationstheorie und allgemeine Idealtheorie	1923	Satz XI lines 14029–14039	EE226847656BC4D65EDDA9E9BF9BB1D25797C0C6D672D267D94A97FD88C7AD58	GAP_CANDIDATE	Polynomial splitting; finrank; residue-algebra infrastructure	NONE		dependency_graph_recorded			canon_corrected_in_ed0019	The conjugate-factor product and multiplicity formula need the elimination norm; r_a was accepted as r_α in ED0019, while this row remains bound to ED0014 provenance.
NOETH-1923-SATZ-XII	P24	Eliminationstheorie und allgemeine Idealtheorie	1923	Satz XII line 14045	EE226847656BC4D65EDDA9E9BF9BB1D25797C0C6D672D267D94A97FD88C7AD58	GAP_CANDIDATE	Ideal.IsPrime; Ideal.IsPrimary; polynomial irreducibility vocabulary	NONE		dependency_graph_recorded			neutral	The necessary/sufficient irreducibility criteria are specific to Noether's elementary form and norm and do not follow from generic ideal predicates.
NOETH-1923-HILFSSATZ-VII	P24	Eliminationstheorie und allgemeine Idealtheorie	1923	Hilfssatz VII line 14051	EE226847656BC4D65EDDA9E9BF9BB1D25797C0C6D672D267D94A97FD88C7AD58	GAP_CANDIDATE	AdjoinRoot; PowerBasis; Module.finrank	NONE		dependency_graph_recorded			neutral	The injective quotient-algebra map is exactly the missing elimination property; generic finite-dimensional APIs supply only the target language.
NOETH-1923-SATZ-XIII	P24	Eliminationstheorie und allgemeine Idealtheorie	1923	Satz XIII line 14059	EE226847656BC4D65EDDA9E9BF9BB1D25797C0C6D672D267D94A97FD88C7AD58	GAP_CANDIDATE	PerfectField; polynomial irreducibility and Frobenius infrastructure	NONE		dependency_graph_recorded			neutral	Perfectness does not by itself identify the missing norm and elementary form; the source's iff criterion remains open.
NOETH-1923-SATZ-XIV	P24	Eliminationstheorie und allgemeine Idealtheorie	1923	Satz XIV line 14065	EE226847656BC4D65EDDA9E9BF9BB1D25797C0C6D672D267D94A97FD88C7AD58	GAP_CANDIDATE	finInsepDegree_eq_pow; IsPurelyInseparable.finrank_eq_pow	NONE		dependency_graph_recorded			neutral	Pinned power-degree facts do not prove the norm identity or the sharp bound 0 ≤ g ≤ (i−1)f.
NOETH-1923-HILFSSATZ-VIII	P24	Eliminationstheorie und allgemeine Idealtheorie	1923	Hilfssatz VIII line 14069	EE226847656BC4D65EDDA9E9BF9BB1D25797C0C6D672D267D94A97FD88C7AD58	MATHLIB_MODERN_FORM	separableClosure.isPurelyInseparable; IsPurelyInseparable.tower_top; IsPurelyInseparable.finrank_eq_pow; IntermediateField.adjoin	NONE		audit_complete_no_local_code			neutral	Modern pure-inseparability theorems supply the core after translating Noether's separable-part and element-degree conventions.
NOETH-1923-SATZ-XV	P24	Eliminationstheorie und allgemeine Idealtheorie	1923	Satz XV line 14116	EE226847656BC4D65EDDA9E9BF9BB1D25797C0C6D672D267D94A97FD88C7AD58	GAP_CANDIDATE	AlgebraicGeometry.GeometricallyIntegral; scalar-extension prime vocabulary	NONE		dependency_graph_recorded			neutral	Modern geometric integrality provides the target notion; equivalence with absolute irreducibility of Noether's elementary form is missing.
NOETH-1923-SATZ-XVI	P24	Eliminationstheorie und allgemeine Idealtheorie	1923	Satz XVI line 14122	EE226847656BC4D65EDDA9E9BF9BB1D25797C0C6D672D267D94A97FD88C7AD58	GAP_CANDIDATE	Polynomial.resultant_map_map; Dedekind and residue-field infrastructure	NONE		dependency_graph_recorded			neutral	Requires an integral model plus denominator and leading-coefficient control; univariate resultant mapping is only an analogy.
NOETH-1923-SATZ-XVII	P24	Eliminationstheorie und allgemeine Idealtheorie	1923	Satz XVII line 14134	EE226847656BC4D65EDDA9E9BF9BB1D25797C0C6D672D267D94A97FD88C7AD58	GAP_CANDIDATE	AlgebraicGeometry.GeometricallyIntegral; arithmetic fiber infrastructure	NONE		dependency_graph_recorded			neutral	The almost-all geometrically integral fibers theorem for a fixed arithmetic model is a major missing result.
NOETH-1924-DEDEKIND-CHARACTERIZATION	P26	Abstrakter Aufbau der Idealtheorie im algebraischen Zahlkörper	1924	characterization line 14214	EE226847656BC4D65EDDA9E9BF9BB1D25797C0C6D672D267D94A97FD88C7AD58	NEW_PACKAGING	IsDedekindDomain; isDedekindDomain_iff; MathematicalCommons.Noether.DedekindTheory1927.artinian_nonzero_quotients_iff_dimensionLEOne	PROMOTED_SUPPORT	MathematicalCommons.Noether.AbstractIdealTheory1924.isDedekindDomain_iff_integrallyClosed_and_artinianQuotients	built_v4.31.0	artifacts/build/MathematicalCommons-Noether-AbstractIdealTheory1924-20260825T0152132754901-698ede81.module.receipt.json	propext; Classical.choice; Quot.sound	neutral	Promoted equivalence is for commutative Noetherian domains and exactly packages the listed ring conditions; “complete ideal theory” beyond those axioms is not asserted.
NOETH-1924-FINITE-ORDER-CONSEQUENCES	P26	Abstrakter Aufbau der Idealtheorie im algebraischen Zahlkörper	1924	finite-order observation line 14214	EE226847656BC4D65EDDA9E9BF9BB1D25797C0C6D672D267D94A97FD88C7AD58	BLOCKED_SOURCE	order and Dedekind-domain vocabulary only	NONE		audit_complete_no_local_code			neutral	The communication promises theorems after dropping integral closure but states no individual theorem or complete hypothesis list.
NOETH-1925-HILBERT-NUMBERS-DEFINITION	P27	Hilbertsche Anzahlen in der Idealtheorie	1925	definition prose line 14225	EE226847656BC4D65EDDA9E9BF9BB1D25797C0C6D672D267D94A97FD88C7AD58	BLOCKED_SOURCE	quotient modules and graded/filtered infrastructure only	NONE		audit_complete_no_local_code			neutral	The counted module, grading or filtration, and coefficient field are not fixed in the notice.
NOETH-1925-HILBERT-FUNCTION-EVENTUAL	P27	Hilbertsche Anzahlen in der Idealtheorie	1925	Hilbert characteristic-function claim line 14225	EE226847656BC4D65EDDA9E9BF9BB1D25797C0C6D672D267D94A97FD88C7AD58	GAP_CANDIDATE	Polynomial.hilbertPoly; Polynomial.coeff_mul_invOneSubPow_eq_hilbertPoly_eval; Polynomial.existsUnique_hilbertPoly	NONE		dependency_graph_recorded			neutral	Pinned polynomial Hilbert-series results do not package the eventual Hilbert function of a homogeneous quotient ideal/module.
NOETH-1925-MACAULAY-GENERATING-FUNCTION	P27	Hilbertsche Anzahlen in der Idealtheorie	1925	Macaulay and Ostrowski attribution line 14225	EE226847656BC4D65EDDA9E9BF9BB1D25797C0C6D672D267D94A97FD88C7AD58	BLOCKED_SOURCE	formal power series infrastructure only	NONE		audit_complete_no_local_code			neutral	The generating function and Ostrowski evaluation are not printed, so the communication alone does not determine a formal statement.
NOETH-1925-PRIMARY-HILBERT-NUMBERS	P27	Hilbertsche Anzahlen in der Idealtheorie	1925	primary-ideal reduction line 14225	EE226847656BC4D65EDDA9E9BF9BB1D25797C0C6D672D267D94A97FD88C7AD58	GAP_CANDIDATE	Ideal.IsPrimary; Ideal.isPrimary_iff; Ideal.isPrime_radical	NONE		dependency_graph_recorded			neutral	The reduction relies on general primary decomposition, which is not available as a pinned end-to-end theorem.
NOETH-1925-RESIDUE-FIELD-CLASSES	P27	Hilbertsche Anzahlen in der Idealtheorie	1925	residue-field class count line 14225	EE226847656BC4D65EDDA9E9BF9BB1D25797C0C6D672D267D94A97FD88C7AD58	BLOCKED_SOURCE	Ideal.ResidueField; localization and quotient-module APIs	NONE		audit_complete_no_local_code			canon_resolved_scope_apparatus	The notice does not choose localization versus maximality. Primary print confirms the adjacent slash as historical colon-ideal notation, not a quotient module.
NOETH-1925-COLON-LAYER-LENGTHS	P27	Hilbertsche Anzahlen in der Idealtheorie	1925	component and composition-length claim line 14225	EE226847656BC4D65EDDA9E9BF9BB1D25797C0C6D672D267D94A97FD88C7AD58	GAP_CANDIDATE	Submodule.colon; Module.length; Module.length_compositionSeries; CompositionSeries.jordan_holder	NONE		dependency_graph_recorded			canon_resolved_scope_apparatus	The mathematical layers are (q:p^i)/(q:p^(i−1)); primary print confirms the slash notation, while identifying localized lengths with irreducible-component counts remains missing.
NOETH-1925-FINITE-ORDER-HILBERT-REPLACEMENT	P27	Hilbertsche Anzahlen in der Idealtheorie	1925	finite-order comparison line 14225	EE226847656BC4D65EDDA9E9BF9BB1D25797C0C6D672D267D94A97FD88C7AD58	BLOCKED_SOURCE	primary and composition-length vocabulary only	NONE		audit_complete_no_local_code			neutral	Comparative conclusion that these numbers replace prime-power expressions is not stated as a quantified theorem.
NOETH-1925-GROUP-ALGEBRA-IDEAL-THEORY	P28	Gruppencharaktere und Idealtheorie	1925	group-algebra interpretation line 14236	EE226847656BC4D65EDDA9E9BF9BB1D25797C0C6D672D267D94A97FD88C7AD58	MATHLIB_MODERN_FORM	MonoidAlgebra semisimple-ring instance; IsSemisimpleRepresentation; irreducible_iff_isSimpleModule_asModule	NONE		audit_complete_no_local_code			neutral	Requires a finite group, a field, and invertibility of the group order; ordinary character theory additionally needs a splitting characteristic-zero setting.
NOETH-1925-SEMISIMPLE-DECOMPOSITION	P28	Gruppencharaktere und Idealtheorie	1925	additive decomposition claim line 14236	EE226847656BC4D65EDDA9E9BF9BB1D25797C0C6D672D267D94A97FD88C7AD58	MATHLIB_MODERN_FORM	IsSemisimpleModule.exists_linearEquiv_fin_dfinsupp; CompositionSeries.jordan_holder	NONE		dependency_graph_recorded			neutral	Existence and simple-factor uniqueness are ingredients; Noether's exact one-sided-ideal decomposition sentence is not one pinned declaration.
NOETH-1925-SAME-BLOCK-ISOMORPHIC	P28	Gruppencharaktere und Idealtheorie	1925	same-two-sided-component claim line 14236	EE226847656BC4D65EDDA9E9BF9BB1D25797C0C6D672D267D94A97FD88C7AD58	MATHLIB_MODERN_FORM	IsIsotypic.isotypicComponents; mem_isotypicComponents_iff; isFullyInvariant_iff_isTwoSided	NONE		dependency_graph_recorded			neutral	Modern reading uses the isotypic components of the regular left module; a source-shaped ideal wrapper remains open.
NOETH-1925-BLOCK-CLASS-BIJECTION	P28	Gruppencharaktere und Idealtheorie	1925	ideal-class cardinality claim line 14236	EE226847656BC4D65EDDA9E9BF9BB1D25797C0C6D672D267D94A97FD88C7AD58	NEW_PACKAGING	OrderIso.setIsotypicComponents; isFullyInvariant_iff_isTwoSided	NONE		formalization_target_identified			neutral	The exact bijection between isomorphism classes of simple one-sided summands and indecomposable two-sided blocks is unbundled but should be packaging.
NOETH-1925-IRREDUCIBLE-REPRESENTATION-BIJECTION	P28	Gruppencharaktere und Idealtheorie	1925	ideal and irreducible representation classes line 14238	EE226847656BC4D65EDDA9E9BF9BB1D25797C0C6D672D267D94A97FD88C7AD58	MATHLIB_MODERN_FORM	group-algebra module equivalence; irreducible_iff_isSimpleModule_asModule; isotypicComponents	NONE		dependency_graph_recorded			canon_resolved_scope_apparatus	The quotient-by-isomorphism-class bijection is not bundled; semisimplicity and splitting assumptions must be explicit.
NOETH-1925-CHARACTER-BLOCK-CORRESPONDENCE	P28	Gruppencharaktere und Idealtheorie	1925	block and character correspondence line 14238	EE226847656BC4D65EDDA9E9BF9BB1D25797C0C6D672D267D94A97FD88C7AD58	GAP_CANDIDATE	FDRep.character; FDRep.char_iso; FDRep.char_orthonormal; semisimple block infrastructure	NONE		dependency_graph_recorded			canon_resolved_scope_apparatus	Primary print confirms bare characters; modern scope is irreducible characters over a splitting field, and no packaged primitive-block bijection was found.
NOETH-1925-BLOCK-RANK-MULTIPLICITY	P28	Gruppencharaktere und Idealtheorie	1925	component-count and rank claim line 14238	EE226847656BC4D65EDDA9E9BF9BB1D25797C0C6D672D267D94A97FD88C7AD58	BLOCKED_SOURCE	IsSemisimpleRing.exists_algEquiv_pi_matrix_of_isAlgClosed; IsIsotypic.linearEquiv_fun	NONE		audit_complete_no_local_code			canon_resolved_scope_apparatus	Primary print confirms the character wording; Rang remains undefined, so the split matrix-block multiplicity equality still needs a qualified statement.
HENTZELT-1921-ELIMINATION-PROBLEM	P18	Noether report on Hentzelt's elimination theory	1921	line 11230	EE226847656BC4D65EDDA9E9BF9BB1D25797C0C6D672D267D94A97FD88C7AD58	MATHLIB_EXACT	MvPolynomial.zeroLocus; MvPolynomial.mem_zeroLocus_iff; MvPolynomial.zeroLocus_anti_mono	NONE		audit_complete_no_local_code			neutral	Exact semantics of common zeros of an ideal; this does not construct Hentzelt's resultant form.
HENTZELT-1921-GENERIC-LINEAR-COORDINATES	P18	Noether report on Hentzelt's elimination theory	1921	line 11230	EE226847656BC4D65EDDA9E9BF9BB1D25797C0C6D672D267D94A97FD88C7AD58	BLOCKED_SOURCE	MvPolynomial.bind₁; MvPolynomial.eval₂Hom; MvPolynomial.renameEquiv; Matrix.det	NONE		audit_complete_no_local_code			neutral	The report omits the coefficient extension, determinant localization, invertibility hypothesis, and transformed-ideal convention.
HENTZELT-1921-UNIQUE-RESULTANT-FORM	P18	Noether report on Hentzelt's elimination theory	1921	lines 11232–11236	EE226847656BC4D65EDDA9E9BF9BB1D25797C0C6D672D267D94A97FD88C7AD58	GAP_CANDIDATE	ideal membership and polynomial-product vocabulary; P22 staged elimination definitions required	NONE		dependency_graph_recorded			canon_staged_semantics_resolved	Primary print and P22 confirm a staged triangular resultant construction. Normalization, admissible ideals, and exact factor definitions must now be imported from P22 rather than guessed from P18.
HENTZELT-1921-RESULTANT-ZERO-CHARACTERIZATION	P18	Noether report on Hentzelt's elimination theory	1921	line 11238 first sentence	EE226847656BC4D65EDDA9E9BF9BB1D25797C0C6D672D267D94A97FD88C7AD58	GAP_CANDIDATE	MvPolynomial.vanishingIdeal_zeroLocus_eq_radical; P22 staged resultant semantics	NONE		dependency_graph_recorded			canon_staged_semantics_resolved	The later Hentzelt–Noether paper confirms stagewise resultants and zeros; the next formal target is that triangular system, not a single ordinary product hypersurface.
HENTZELT-1921-RESULTANT-DIVISOR-INJECTIVITY	P18	Noether report on Hentzelt's elimination theory	1921	line 11238 second sentence	EE226847656BC4D65EDDA9E9BF9BB1D25797C0C6D672D267D94A97FD88C7AD58	BLOCKED_SOURCE	Ideal order and equality only	NONE		audit_complete_no_local_code			neutral	Historical ideal-divisibility orientation and normalized equality of resultants are unspecified; no pinned injectivity theorem exists.
HENTZELT-1921-CHARACTERISTIC-MULTIPLICITY	P18	Noether report on Hentzelt's elimination theory	1921	line 11240 first sentence	EE226847656BC4D65EDDA9E9BF9BB1D25797C0C6D672D267D94A97FD88C7AD58	BLOCKED_SOURCE	multiplicity and local-length infrastructure only	NONE		audit_complete_no_local_code			neutral	The report does not define characteristic multiplicity or its extraction from the resultant form.
HENTZELT-1921-LINEAR-FORMS-MODULE	P18	Noether report on Hentzelt's elimination theory	1921	line 11240 module clause	EE226847656BC4D65EDDA9E9BF9BB1D25797C0C6D672D267D94A97FD88C7AD58	BLOCKED_SOURCE	MvPolynomial.basisMonomials; module-presentation infrastructure	NONE		audit_complete_no_local_code			neutral	The base ring, finite monomial set, presentation, and precise identification are omitted.
HENTZELT-1921-SUCCESSIVE-NORM-FACTORS	P18	Noether report on Hentzelt's elimination theory	1921	line 11240 norm clause	EE226847656BC4D65EDDA9E9BF9BB1D25797C0C6D672D267D94A97FD88C7AD58	BLOCKED_SOURCE	Algebra.norm; Algebra.norm_eq_matrix_det; associated_norm_prod_smith	NONE		dependency_graph_recorded			neutral	Existing norms are analogies, not Hentzelt's successive Grundmodul norm; the later full paper must fix the construction.
HENTZELT-1921-PRIMARY-FACTOR-DICTIONARY	P18	Noether report on Hentzelt's elimination theory	1921	line 11240 final sentence	EE226847656BC4D65EDDA9E9BF9BB1D25797C0C6D672D267D94A97FD88C7AD58	BLOCKED_SOURCE	Ideal.IsPrimary; Ideal.radical; associatedPrimes; associatedPrimes.eq_singleton_of_isPrimary	NONE		dependency_graph_recorded			neutral	Primary decomposition, complement/bracket notation, and the claimed resultant-factor correspondence are not defined in this extract.
NOETH-1924-SURVEY-FIELD-IRREDUCIBLE-DICTIONARY	P25	Eliminationstheorie und Idealtheorie	1924	line 14162	EE226847656BC4D65EDDA9E9BF9BB1D25797C0C6D672D267D94A97FD88C7AD58	MATHLIB_EXACT	Field; Irreducible	NONE		audit_complete_no_local_code			neutral	Exact modern vocabulary; Primfunktion is interpreted as an irreducible polynomial over the fixed coefficient field.
NOETH-1924-SURVEY-UNIVARIATE-FACTOR-POWERS	P25	Eliminationstheorie und Idealtheorie	1924	lines 14164–14168	EE226847656BC4D65EDDA9E9BF9BB1D25797C0C6D672D267D94A97FD88C7AD58	MATHLIB_MODERN_FORM	Polynomial unique-factorization-monoid instance; UniqueFactorizationMonoid.iff_exists_prime_factors	NONE		audit_complete_no_local_code			neutral	Existence and uniqueness are covered modulo associates; grouping distinct irreducibles into the source's displayed powers is packaging.
NOETH-1924-SURVEY-UNIVARIATE-ZERO-UNION	P25	Eliminationstheorie und Idealtheorie	1924	line 14168	EE226847656BC4D65EDDA9E9BF9BB1D25797C0C6D672D267D94A97FD88C7AD58	NEW_PACKAGING	Polynomial.mem_aroots'; evaluation map_mul; pow_eq_zero	NONE		formalization_target_identified			neutral	A source-shaped finite-product zero-set union wrapper is absent; the statement needs a common extension field and nonzero factor exponents.
NOETH-1924-SURVEY-ADJOIN-ROOT-FIELD	P25	Eliminationstheorie und Idealtheorie	1924	line 14170	EE226847656BC4D65EDDA9E9BF9BB1D25797C0C6D672D267D94A97FD88C7AD58	MATHLIB_EXACT	AdjoinRoot; AdjoinRoot.root; AdjoinRoot.eval₂_root; AdjoinRoot.instField	NONE		audit_complete_no_local_code			neutral	Exact when p is irreducible; the source's reuse of the symbol R for two isomorphic fields is not copied into Lean.
NOETH-1924-SURVEY-ROOT-FIELD-EQUIV	P25	Eliminationstheorie und Idealtheorie	1924	line 14170	EE226847656BC4D65EDDA9E9BF9BB1D25797C0C6D672D267D94A97FD88C7AD58	MATHLIB_MODERN_FORM	AdjoinRoot.equiv; AlgEquiv.adjoinSingletonEquivAdjoinRootMinpoly	NONE		audit_complete_no_local_code			neutral	The modern equivalence uses the minimal polynomial and identifies the source polynomial only up to a unit/normalization.
NOETH-1924-SURVEY-SPLITTING-FIELD	P25	Eliminationstheorie und Idealtheorie	1924	line 14172	EE226847656BC4D65EDDA9E9BF9BB1D25797C0C6D672D267D94A97FD88C7AD58	MATHLIB_EXACT	Polynomial.SplittingField; Polynomial.SplittingField.splits; Polynomial.SplittingField.adjoin_rootSet; Polynomial.IsSplittingField.algEquiv	NONE		audit_complete_no_local_code			canon_resolved_scope_apparatus	Exact as a splitting-field statement; primary print confirms historical Galois terminology, while modern IsGalois requires separability.
NOETH-1924-SURVEY-QUOTIENT-FINRANK-DEGREE	P25	Eliminationstheorie und Idealtheorie	1924	line 14174	EE226847656BC4D65EDDA9E9BF9BB1D25797C0C6D672D267D94A97FD88C7AD58	MATHLIB_EXACT	finrank_quotient_span_eq_natDegree	NONE		audit_complete_no_local_code			neutral	Exact for a nonzero univariate polynomial; it formalizes the number of linearly independent residue classes.
NOETH-1924-SURVEY-ROOT-MULTIPLICITY	P25	Eliminationstheorie und Idealtheorie	1924	line 14174	EE226847656BC4D65EDDA9E9BF9BB1D25797C0C6D672D267D94A97FD88C7AD58	MATHLIB_MODERN_FORM	Polynomial.count_roots; Polynomial.rootMultiplicity; polynomial factorization from roots	NONE		audit_complete_no_local_code			neutral	The exact primary-polynomial q=p^ρ wrapper and its comparison with quotient finrank are not one pinned declaration.
NOETH-1924-SURVEY-IDEAL-DEFINITION	P25	Eliminationstheorie und Idealtheorie	1924	line 14176	EE226847656BC4D65EDDA9E9BF9BB1D25797C0C6D672D267D94A97FD88C7AD58	MATHLIB_EXACT	Ideal	NONE		audit_complete_no_local_code			neutral	Lean's additive-subgroup and scalar-closure fields supply the source definition, including zero membership omitted from the prose shorthand.
NOETH-1924-SURVEY-IDEAL-ZERO-LOCUS	P25	Eliminationstheorie und Idealtheorie	1924	line 14176	EE226847656BC4D65EDDA9E9BF9BB1D25797C0C6D672D267D94A97FD88C7AD58	MATHLIB_EXACT	MvPolynomial.zeroLocus; MvPolynomial.mem_zeroLocus_iff	NONE		audit_complete_no_local_code			neutral	Exact after fixing the coefficient extension and evaluation point type.
NOETH-1924-SURVEY-FINITE-IDEAL-BASIS	P25	Eliminationstheorie und Idealtheorie	1924	line 14176	EE226847656BC4D65EDDA9E9BF9BB1D25797C0C6D672D267D94A97FD88C7AD58	MATHLIB_EXACT	MvPolynomial.isNoetherianRing; IsNoetherian.noetherian	NONE		audit_complete_no_local_code			neutral	Exact for finitely many variables over the field P; finite generation follows from the Noetherian instance.
NOETH-1924-SURVEY-ZERO-LOCUS-SPAN	P25	Eliminationstheorie und Idealtheorie	1924	line 14176	EE226847656BC4D65EDDA9E9BF9BB1D25797C0C6D672D267D94A97FD88C7AD58	MATHLIB_EXACT	MvPolynomial.zeroLocus_span; Ideal.span	NONE		audit_complete_no_local_code			neutral	Exact common-zero semantics for any generating set; finite generation provides the source's finite system.
NOETH-1924-SURVEY-UNIVARIATE-PRINCIPAL-IDEALS	P25	Eliminationstheorie und Idealtheorie	1924	line 14176	EE226847656BC4D65EDDA9E9BF9BB1D25797C0C6D672D267D94A97FD88C7AD58	MATHLIB_MODERN_FORM	Polynomial Euclidean-domain and principal-ideal-domain instances; Ideal.span_singleton_eq_span_singleton	NONE		audit_complete_no_local_code			neutral	Every ideal is principal; equality of principal spans identifies generators up to association, matching uniqueness up to a field unit.
NOETH-1924-SURVEY-PRIME-PRIMARY-DEFINITIONS	P25	Eliminationstheorie und Idealtheorie	1924	line 14180	EE226847656BC4D65EDDA9E9BF9BB1D25797C0C6D672D267D94A97FD88C7AD58	MATHLIB_EXACT	Ideal.IsPrime; Ideal.isPrime_iff; Ideal.IsPrimary; Ideal.isPrimary_iff	NONE		audit_complete_no_local_code			neutral	Historical divisibility is reverse inclusion; Mathlib also requires prime ideals to be proper.
NOETH-1924-SURVEY-PRIMARY-RADICAL-POWER	P25	Eliminationstheorie und Idealtheorie	1924	line 14180	EE226847656BC4D65EDDA9E9BF9BB1D25797C0C6D672D267D94A97FD88C7AD58	MATHLIB_MODERN_FORM	Ideal.isPrime_radical; Ideal.exists_radical_pow_le_of_fg	NONE		audit_complete_no_local_code			neutral	The radical is the canonical associated prime and a power is contained in the primary ideal under finite-generation/Noetherian hypotheses.
NOETH-1924-SURVEY-PRIMARY-DECOMPOSITION	P25	Eliminationstheorie und Idealtheorie	1924	lines 14180–14185	EE226847656BC4D65EDDA9E9BF9BB1D25797C0C6D672D267D94A97FD88C7AD58	GAP_CANDIDATE	Ideal.IsPrimary and Noetherian ideal infrastructure only	NONE		dependency_graph_recorded			neutral	No pinned theorem supplies existence of an irredundant finite primary decomposition with the source's maximal components.
NOETH-1924-SURVEY-ASSOCIATED-PRIME-UNIQUENESS	P25	Eliminationstheorie und Idealtheorie	1924	line 14185	EE226847656BC4D65EDDA9E9BF9BB1D25797C0C6D672D267D94A97FD88C7AD58	GAP_CANDIDATE	associatedPrimes vocabulary; Ideal.isPrime_radical	NONE		dependency_graph_recorded			neutral	Uniqueness of the primes attached to arbitrary irredundant primary decompositions is not packaged in the pinned snapshot.
NOETH-1924-SURVEY-RADICAL-POWER-ZERO-UNION	P25	Eliminationstheorie und Idealtheorie	1924	lines 14182–14185	EE226847656BC4D65EDDA9E9BF9BB1D25797C0C6D672D267D94A97FD88C7AD58	NEW_PACKAGING	Ideal.radical; Ideal.exists_radical_pow_le_of_fg; MvPolynomial.zeroLocus_iInf	NONE		formalization_target_identified			neutral	The conditional product/inclusion and zero-locus union can be packaged from supplied decomposition data; the unconditional source result depends on the primary-decomposition gap.
NOETH-1924-SURVEY-PRIME-QUOTIENT-DOMAIN	P25	Eliminationstheorie und Idealtheorie	1924	line 14187	EE226847656BC4D65EDDA9E9BF9BB1D25797C0C6D672D267D94A97FD88C7AD58	MATHLIB_EXACT	Ideal.Quotient.nontrivial_iff; Ideal.Quotient.isDomain_iff_prime	NONE		audit_complete_no_local_code			neutral	Exact for a proper prime ideal.
NOETH-1924-SURVEY-FRACTION-FIELD	P25	Eliminationstheorie und Idealtheorie	1924	line 14187	EE226847656BC4D65EDDA9E9BF9BB1D25797C0C6D672D267D94A97FD88C7AD58	MATHLIB_EXACT	FractionRing; IsFractionRing; IsFractionRing.algEquiv; FractionRing.algEquiv	NONE		audit_complete_no_local_code			neutral	Exact existence and uniqueness-up-to-algebra-equivalence for the prime quotient domain.
NOETH-1924-SURVEY-GENERIC-ZERO	P25	Eliminationstheorie und Idealtheorie	1924	line 14187	EE226847656BC4D65EDDA9E9BF9BB1D25797C0C6D672D267D94A97FD88C7AD58	NEW_PACKAGING	Ideal.Quotient.mkₐ; FractionRing; MvPolynomial.aeval; Ideal.Quotient.eq_zero_iff_mem; IsFractionRing.injective; IsFractionRing.div_surjective; IntermediateField.adjoin; MvPolynomial.eval₂_mem; IntermediateField.algebraAdjoinAdjoin; Algebra.IsAlgebraic.trdeg_le_cardinalMk; Algebra.IsAlgebraic.isTranscendenceBasis_of_lift_le_trdeg_of_finite; Cardinal.mk_range_le_lift	PROMOTED_THEOREM	MathematicalCommons.Noether.EliminationIdealTheorySurvey1924.aeval_genericZero_eq_algebraMap_mk; MathematicalCommons.Noether.EliminationIdealTheorySurvey1924.aeval_genericZero_eq_zero_iff_mem; MathematicalCommons.Noether.EliminationIdealTheorySurvey1924.aeval_genericZero_fin_eq_zero_iff_mem; MathematicalCommons.Noether.EliminationIdealTheorySurvey1924.intermediateField_adjoin_range_genericZero_eq_top; MathematicalCommons.Noether.EliminationIdealTheorySurvey1924.trdeg_genericZeroField_le_cardinalMk_range; MathematicalCommons.Noether.EliminationIdealTheorySurvey1924.trdeg_genericZeroField_fin_le; MathematicalCommons.Noether.EliminationIdealTheorySurvey1924.trdeg_genericZeroField_fin_lt_of_ne_bot	built_v4.31.0	artifacts/build/EliminationIdealTheorySurvey1924-20260825T1455476550253-56fa99cb.receipt.json	propext; Classical.choice; Quot.sound	canon_resolved_scope_apparatus	The promoted theorems prove relation-ideal equality, field generation over P by the generic coordinate tuple, the arbitrary-index range-cardinality transcendence-degree bound, the unconditional finite bound trdeg ≤ n, and the strict bound trdeg < n under I ≠ ⊥. Thus both plausible mathematical repairs of the primary-print-confirmed strict statement are represented without silently changing the witness; the converse uniqueness/isomorphism clause remains separate.
NOETH-1924-SURVEY-TRANSCENDENCE-BASIS	P25	Eliminationstheorie und Idealtheorie	1924	line 14187	EE226847656BC4D65EDDA9E9BF9BB1D25797C0C6D672D267D94A97FD88C7AD58	MATHLIB_MODERN_FORM	Algebra.trdeg; exists_isTranscendenceBasis; IsTranscendenceBasis.cardinalMk_eq_trdeg; AlgebraicIndependent.cardinalMk_le_trdeg	NONE		audit_complete_no_local_code			canon_resolved_scope_apparatus	The finite-k wrapper is absent. Primary print confirms strict k<n, so a modern theorem must allow k=n or assume a nonzero prime.
NOETH-1924-SURVEY-NOETHER-NORMALIZATION	P25	Eliminationstheorie und Idealtheorie	1924	line 14189	EE226847656BC4D65EDDA9E9BF9BB1D25797C0C6D672D267D94A97FD88C7AD58	MATHLIB_MODERN_FORM	exists_integral_inj_algHom_of_quotient; exists_integral_inj_algHom_of_fg; exists_finite_inj_algHom_of_fg	NONE		audit_complete_no_local_code			neutral	Modern Noether normalization gives the finite algebraic core, not the report's precise generic linear-coordinate presentation.
NOETH-1924-SURVEY-FUNDAMENTAL-POLYNOMIAL-SPLITTING	P25	Eliminationstheorie und Idealtheorie	1924	line 14189	EE226847656BC4D65EDDA9E9BF9BB1D25797C0C6D672D267D94A97FD88C7AD58	MATHLIB_EXACT	Polynomial.SplittingField; Polynomial.Splits; Polynomial.IsSplittingField	NONE		dependency_graph_recorded			canon_resolved_scope_apparatus	Splitting is exact once the polynomial is given; primary print confirms historical Galois wording, while the fundamental-polynomial bridge and modern separability split remain.
NOETH-1924-SURVEY-PRODUCT-OVER-ZEROS	P25	Eliminationstheorie und Idealtheorie	1924	line 14189	EE226847656BC4D65EDDA9E9BF9BB1D25797C0C6D672D267D94A97FD88C7AD58	GAP_CANDIDATE	Polynomial factorization and product-over-roots lemmas	NONE		dependency_graph_recorded			neutral	The missing bridge identifies roots of the projected fundamental polynomial with all ideal zeros under generic coordinates.
NOETH-1924-SURVEY-PRIME-NORM-ELEMENTARY-DIVISORS	P25	Eliminationstheorie und Idealtheorie	1924	line 14189	EE226847656BC4D65EDDA9E9BF9BB1D25797C0C6D672D267D94A97FD88C7AD58	BLOCKED_SOURCE	Smith-normal-form and module-presentation infrastructure only	NONE		blocked_source_statement			neutral	The report does not specify the module, presentation independence, normalization, or stage indices needed to define N(p); it is not ordinary Algebra.norm.
NOETH-1924-SURVEY-FINITE-NONUNIT-ELEMENTARY-DIVISORS	P25	Eliminationstheorie und Idealtheorie	1924	line 14191	EE226847656BC4D65EDDA9E9BF9BB1D25797C0C6D672D267D94A97FD88C7AD58	BLOCKED_SOURCE	finite-presentation and Smith-normal-form vocabulary only	NONE		blocked_source_statement			neutral	The terse report does not determine the exact finite presentation from which the nonunit elementary divisors are counted.
NOETH-1924-SURVEY-TOTAL-NORM-PRIMARY-FACTORS	P25	Eliminationstheorie und Idealtheorie	1924	lines 14191–14195	EE226847656BC4D65EDDA9E9BF9BB1D25797C0C6D672D267D94A97FD88C7AD58	BLOCKED_SOURCE	Ideal.IsPrimary; associatedPrimes; polynomial factorization vocabulary	NONE		dependency_graph_recorded			neutral	The total norm and its claimed prime-factor bijection depend on both the unavailable norm construction and primary-decomposition infrastructure.
NOETH-1924-SURVEY-MULTIPLICITY-GRUNDIDEAL-LAYERS	P25	Eliminationstheorie und Idealtheorie	1924	line 14195	EE226847656BC4D65EDDA9E9BF9BB1D25797C0C6D672D267D94A97FD88C7AD58	BLOCKED_SOURCE	Module.finrank; quotient-module and primary vocabulary only	NONE		blocked_source_statement			neutral	Grundideal stages and their isolated components are not defined in the conference report, so the residue-dimension multiplicity cannot yet be stated faithfully.
NOETH-1924-SURVEY-UNIVARIATE-RECOVERY	P25	Eliminationstheorie und Idealtheorie	1924	line 14197	EE226847656BC4D65EDDA9E9BF9BB1D25797C0C6D672D267D94A97FD88C7AD58	NEW_PACKAGING	polynomial PID/UFD; AdjoinRoot; splitting-field infrastructure	NONE		dependency_graph_recorded			neutral	The principal-ideal and root-field portions are available; recovery of Noether's norm and Grundideal multiplicity remains source-blocked.
NOETH-1924-SURVEY-IDEAL-NORM-RESULTANT	P25	Eliminationstheorie und Idealtheorie	1924	line 14199	EE226847656BC4D65EDDA9E9BF9BB1D25797C0C6D672D267D94A97FD88C7AD58	BLOCKED_SOURCE	Polynomial.resultant	NONE		dependency_graph_recorded			neutral	No theorem identifies the multistage Noether–Hentzelt ideal norm with a resultant; the ordinary univariate resultant is only substrate.
NOETH-1922-FVC-REGULAR-HOMOGENEOUS-LAGRANGIAN	P21	Formale Variationsrechnung und Differentialinvarianten	1922	lines 12622–12628; equation (140)	EE226847656BC4D65EDDA9E9BF9BB1D25797C0C6D672D267D94A97FD88C7AD58	DEFERRED_INFRASTRUCTURE	Differentiable; fderiv; ContDiff infrastructure only	NONE		dependency_graph_recorded			canon_corrected_in_ed0020_inactive	Primary print resolves the chain as f(dx), its nonzero Hessian, and f(x'); a typed theorem still needs a Lagrangian, differentiability, homogeneity, and endpoint hypotheses.
NOETH-1922-FVC-EULER-LAGRANGE-EXPRESSIONS	P21	Formale Variationsrechnung und Differentialinvarianten	1922	lines 12629–12633	EE226847656BC4D65EDDA9E9BF9BB1D25797C0C6D672D267D94A97FD88C7AD58	DEFERRED_INFRASTRUCTURE	Differentiable; fderiv; integration-by-parts infrastructure; no Euler-operator declaration	NONE		dependency_graph_recorded			neutral	Needs a typed Lagrangian, total derivative, first variation, endpoint hypotheses, and an Euler operator; the source treats the differentials formally.
NOETH-1922-FVC-EULER-CONTRAGREDIENT	P21	Formale Variationsrechnung und Differentialinvarianten	1922	line 12633	EE226847656BC4D65EDDA9E9BF9BB1D25797C0C6D672D267D94A97FD88C7AD58	GAP_CANDIDATE	Representation and dual/contragredient linear-action infrastructure only	NONE		dependency_graph_recorded			neutral	The naturality theorem showing that Euler expressions transform contragrediently is absent and depends on a formalized coordinate action and Euler operator.
NOETH-1922-FVC-CENTRAL-IDENTITY	P21	Formale Variationsrechnung und Differentialinvarianten	1922	lines 12633–12638	EE226847656BC4D65EDDA9E9BF9BB1D25797C0C6D672D267D94A97FD88C7AD58	GAP_CANDIDATE	formal derivation and polynomial identity infrastructure only	NONE		dependency_graph_recorded			canon_corrected_in_ed0020_inactive	Primary print confirms delta f rather than delta f'. The remaining work is a typed formal-jet integration-by-parts identity for d, delta, f_delta, and psi_i(d,d).
NOETH-1922-FVC-QUADRATIC-CENTRAL-IDENTITY	P21	Formale Variationsrechnung und Differentialinvarianten	1922	lines 12639–12643	EE226847656BC4D65EDDA9E9BF9BB1D25797C0C6D672D267D94A97FD88C7AD58	NEW_PACKAGING	Finset sums; Matrix; LinearMap; derivation product rules	NONE		formalization_target_identified			neutral	After fixing finite indices, symmetry of g, and two formal derivations, the quadratic specialization should be a finite-sum product-rule calculation.
NOETH-1922-FVC-POLARIZATION-IDENTITIES	P21	Formale Variationsrechnung und Differentialinvarianten	1922	lines 12644–12655; equation (141)	EE226847656BC4D65EDDA9E9BF9BB1D25797C0C6D672D267D94A97FD88C7AD58	GAP_CANDIDATE	Polynomial.coeff; Finset sums; multilinear polarization infrastructure	NONE		dependency_graph_recorded			canon_resolved_keep_with_apparatus	Primary print confirms capital D as an implicit independent outer formal differential. The source-shaped coefficient comparison needs a jet model with d, delta, and D typed separately.
NOETH-1922-FVC-POLARIZED-EULER-CONTRAGREDIENT	P21	Formale Variationsrechnung und Differentialinvarianten	1922	line 12656	EE226847656BC4D65EDDA9E9BF9BB1D25797C0C6D672D267D94A97FD88C7AD58	NEW_PACKAGING	Representation; multilinear polarization; Polynomial.ext	NONE		dependency_graph_recorded			neutral	The transformation law follows from the polarized central identities once their typed action and the source's D/delta convention are fixed.
NOETH-1922-FVC-POLARIZED-EULER-FORMULA	P21	Formale Variationsrechnung und Differentialinvarianten	1922	lines 12656–12660	EE226847656BC4D65EDDA9E9BF9BB1D25797C0C6D672D267D94A97FD88C7AD58	GAP_CANDIDATE	Matrix; Finset sums; bilinear-form and derivation infrastructure	NONE		dependency_graph_recorded			neutral	The coordinate computation of psi_mu(d,delta) needs a formal jet calculus and a definition of the first-kind Christoffel coefficients used by the source.
NOETH-1922-FVC-RAISED-CONNECTION-VECTOR	P21	Formale Variationsrechnung und Differentialinvarianten	1922	lines 12661–12664; equation (142)	EE226847656BC4D65EDDA9E9BF9BB1D25797C0C6D672D267D94A97FD88C7AD58	GAP_CANDIDATE	Matrix.det; Matrix.inv; bilinear forms; connection infrastructure	NONE		dependency_graph_recorded			historical_terminology_recorded	The superscript on p^sigma is a raised coordinate index, not exponentiation; the source formula needs a nondegenerate metric and a coordinate-to-connection bridge.
NOETH-1922-FVC-GEODESIC-EQUATION	P21	Formale Variationsrechnung und Differentialinvarianten	1922	line 12665	EE226847656BC4D65EDDA9E9BF9BB1D25797C0C6D672D267D94A97FD88C7AD58	MATHLIB_MODERN_FORM	geodesic and affine-connection manifold infrastructure	NONE		audit_complete_no_local_code			neutral	Abstract geodesics have modern infrastructure; equivalence of p(d,d)=0 with that notion requires the missing coordinate connection and regularity hypotheses.
NOETH-1922-FVC-COVARIANT-DERIVATIVE-DEFINITION	P21	Formale Variationsrechnung und Differentialinvarianten	1922	lines 12667–12671; equation (143)	EE226847656BC4D65EDDA9E9BF9BB1D25797C0C6D672D267D94A97FD88C7AD58	MATHLIB_MODERN_FORM	IsCovariantDerivativeOn; CovariantDerivative	NONE		audit_complete_no_local_code			neutral	Mathlib provides an abstract covariant derivative, not Noether's coordinate elimination formula for forms in one or several differential rows.
NOETH-1922-FVC-COVARIANT-DERIVATIVE-INVARIANCE	P21	Formale Variationsrechnung und Differentialinvarianten	1922	lines 12668–12671	EE226847656BC4D65EDDA9E9BF9BB1D25797C0C6D672D267D94A97FD88C7AD58	GAP_CANDIDATE	IsCovariantDerivativeOn; CovariantDerivative; tensor naturality infrastructure	NONE		dependency_graph_recorded			neutral	A theorem must identify formula (143) with an abstract covariant derivative and prove its invariance and cancellation of second differentials.
NOETH-1922-FVC-SECOND-VARIATION-NORMAL-FORM	P21	Formale Variationsrechnung und Differentialinvarianten	1922	lines 12673–12677; equation (144)	EE226847656BC4D65EDDA9E9BF9BB1D25797C0C6D672D267D94A97FD88C7AD58	DEFERRED_INFRASTRUCTURE	second-derivative and bilinear-form infrastructure; no formal higher-variation algebra	NONE		dependency_graph_recorded			neutral	Needs second and third formal variations and a theorem that the displayed combination eliminates third differentials while preserving invariance.
NOETH-1922-FVC-CURVATURE-FORM-DEFINITION	P21	Formale Variationsrechnung und Differentialinvarianten	1922	lines 12677–12680; equation (145)	EE226847656BC4D65EDDA9E9BF9BB1D25797C0C6D672D267D94A97FD88C7AD58	DEFERRED_INFRASTRUCTURE	curvature and covariant-derivative infrastructure; no source coordinate package	NONE		dependency_graph_recorded			neutral	The subtraction defining K depends on the missing formal second variation, polarized Euler expressions, and connection-vector construction.
NOETH-1922-FVC-CURVATURE-ALTERNATE-IDENTITY	P21	Formale Variationsrechnung und Differentialinvarianten	1922	lines 12680–12686; equation (146)	EE226847656BC4D65EDDA9E9BF9BB1D25797C0C6D672D267D94A97FD88C7AD58	DEFERRED_INFRASTRUCTURE	finite-sum algebra and curvature infrastructure only	NONE		dependency_graph_recorded			neutral	The alternative expression for K is a formal identity only after the central equation and order-sensitive derivations have been encoded.
NOETH-1922-FVC-DIFFERENTIATE-THEN-ELIMINATE	P21	Formale Variationsrechnung und Differentialinvarianten	1922	line 12687	EE226847656BC4D65EDDA9E9BF9BB1D25797C0C6D672D267D94A97FD88C7AD58	DEFERRED_INFRASTRUCTURE	quotient/substitution algebra and differential-operator infrastructure only	NONE		dependency_graph_recorded			neutral	The source insists that p be set to zero only after differentiation; a formal model must distinguish differentiation from subsequent quotient or substitution.
NOETH-1922-FVC-CURVATURE-JET-SERIES	P21	Formale Variationsrechnung und Differentialinvarianten	1922	line 12689	EE226847656BC4D65EDDA9E9BF9BB1D25797C0C6D672D267D94A97FD88C7AD58	DEFERRED_INFRASTRUCTURE	CovariantDerivative and curvature infrastructure; no iterated curvature-jet package matching the source	NONE		dependency_graph_recorded			neutral	Defining the Christoffel series Phi_4, Phi_5, ... needs iterated covariant derivatives in the source's formal coordinate model.
NOETH-1922-FVC-COMPLETE-DIFFERENTIAL-INVARIANTS	P21	Formale Variationsrechnung und Differentialinvarianten	1922	line 12689	EE226847656BC4D65EDDA9E9BF9BB1D25797C0C6D672D267D94A97FD88C7AD58	BLOCKED_SOURCE	curvature-jet and invariant-theory infrastructure only	NONE		qualified_restatement_required			review_statement_scope	The claim that f and the curvature-derivative series exhaust all projective differential invariants suppresses locality, regularity, finite-jet, and transformation hypotheses.
NOETH-1922-FVC-QUADRATIC-EQUIVALENCE-CRITERION	P21	Formale Variationsrechnung und Differentialinvarianten	1922	line 12689	EE226847656BC4D65EDDA9E9BF9BB1D25797C0C6D672D267D94A97FD88C7AD58	BLOCKED_SOURCE	local-isometry and curvature-jet infrastructure only	NONE		qualified_restatement_required			review_statement_scope	Equality/equivalence of the invariant series is said to decide equivalence without further integrability conditions, but the source omits the analytic and local hypotheses needed for a modern theorem.
NOETH-1922-FVC-NORMAL-COORDINATE-REDUCTION	P21	Formale Variationsrechnung und Differentialinvarianten	1922	line 12689	EE226847656BC4D65EDDA9E9BF9BB1D25797C0C6D672D267D94A97FD88C7AD58	DEFERRED_INFRASTRUCTURE	smooth-manifold, exponential-map, and connection infrastructure only	NONE		dependency_graph_recorded			neutral	Needs existence and transformation laws of Riemann normal coordinates and a proof that homogeneous Taylor components are generated by f and the Phi-series.
NOETH-1922-FVC-LEVI-CIVITA-PARALLEL-TRANSPORT	P21	Formale Variationsrechnung und Differentialinvarianten	1922	line 12691	EE226847656BC4D65EDDA9E9BF9BB1D25797C0C6D672D267D94A97FD88C7AD58	MATHLIB_MODERN_FORM	affine connection and parallel-transport infrastructure	NONE		audit_complete_no_local_code			neutral	Abstract parallel transport is modern vocabulary; identifying it with the historical equation p(d,delta)=0 requires the coordinate connection bridge.
NOETH-1922-FVC-CONFORMAL-CONNECTION-UNIQUENESS	P21	Formale Variationsrechnung und Differentialinvarianten	1922	line 12691	EE226847656BC4D65EDDA9E9BF9BB1D25797C0C6D672D267D94A97FD88C7AD58	GAP_CANDIDATE	conformal scaling, one-form, and connection infrastructure only	NONE		dependency_graph_recorded			neutral	The uniqueness of p after adjoining a one-form to a conformal quadratic form needs a precise Weyl-connection structure and transformation law.
NOETH-1922-FVC-CONFORMAL-INVARIANT-CONSTRUCTION	P21	Formale Variationsrechnung und Differentialinvarianten	1922	line 12691	EE226847656BC4D65EDDA9E9BF9BB1D25797C0C6D672D267D94A97FD88C7AD58	GAP_CANDIDATE	connection, covariant-derivative, and geodesic-coordinate infrastructure only	NONE		dependency_graph_recorded			neutral	The analogous invariants and geodesic coordinates are asserted, while the paragraph explicitly leaves the general reduction and equivalence questions open.
NOETH-1922-FVC-NOETHER-I-FORWARD	P21	Formale Variationsrechnung und Differentialinvarianten	1922	line 12693	EE226847656BC4D65EDDA9E9BF9BB1D25797C0C6D672D267D94A97FD88C7AD58	DEFERRED_INFRASTRUCTURE	Lie-group and divergence infrastructure; no variational Noether theorem	NONE		dependency_graph_recorded			historical_terminology_recorded	Here endliche Gruppe means a finite-dimensional Lie group with rho essential parameters, not a finite-cardinality group; the theorem needs jets, infinitesimal actions, Euler operators, and currents.
NOETH-1922-FVC-NOETHER-I-CONVERSE	P21	Formale Variationsrechnung und Differentialinvarianten	1922	line 12693	EE226847656BC4D65EDDA9E9BF9BB1D25797C0C6D672D267D94A97FD88C7AD58	BLOCKED_SOURCE	Lie integration and conservation-law infrastructure only	NONE		qualified_restatement_required			historical_terminology_recorded	The one-sentence survey statement suppresses the qualifications in Noether's 1918 paper; an unconditional converse would overstate the source.
NOETH-1922-FVC-NOETHER-II-FORWARD	P21	Formale Variationsrechnung und Differentialinvarianten	1922	line 12693	EE226847656BC4D65EDDA9E9BF9BB1D25797C0C6D672D267D94A97FD88C7AD58	DEFERRED_INFRASTRUCTURE	formal differential-operator and test-function infrastructure; no gauge Noether theorem	NONE		dependency_graph_recorded			neutral	Needs arbitrary-function symmetries through order sigma, jets, formal adjoints, and differential identities among Euler expressions.
NOETH-1922-FVC-NOETHER-II-CONVERSE	P21	Formale Variationsrechnung und Differentialinvarianten	1922	line 12693	EE226847656BC4D65EDDA9E9BF9BB1D25797C0C6D672D267D94A97FD88C7AD58	BLOCKED_SOURCE	no gauge-pseudogroup integration theorem identified	NONE		qualified_restatement_required			review_statement_scope	The compressed converse lacks the integration and essential-rank qualifications needed to reconstruct a function-parameter symmetry group.
NOETH-1922-FVC-EULER-RELATIVE-INVARIANTS	P21	Formale Variationsrechnung und Differentialinvarianten	1922	line 12693	EE226847656BC4D65EDDA9E9BF9BB1D25797C0C6D672D267D94A97FD88C7AD58	GAP_CANDIDATE	Representation and Euler-operator naturality infrastructure only	NONE		dependency_graph_recorded			neutral	A precise theorem needs the representation weight and transformation convention under which the Euler expressions become relative invariants.
HENTZELT-NOETHER-1923-ELIMINATION-PROBLEM	P22	Zur Theorie der Polynomideale und Resultanten	1923	line 12712	EE226847656BC4D65EDDA9E9BF9BB1D25797C0C6D672D267D94A97FD88C7AD58	MATHLIB_EXACT	MvPolynomial.zeroLocus; MvPolynomial.mem_zeroLocus_iff; MvPolynomial.zeroLocus_anti_mono	NONE		audit_complete_no_local_code			neutral	Exact modern semantics for common zeros of every member of a polynomial ideal; this does not supply Hentzelt's elimination construction.
HENTZELT-NOETHER-1923-MAIN-RESULTANT-STATEMENT	P22	Zur Theorie der Polynomideale und Resultanten	1923	lines 12714–12720	EE226847656BC4D65EDDA9E9BF9BB1D25797C0C6D672D267D94A97FD88C7AD58	GAP_CANDIDATE	MvPolynomial.zeroLocus; ideal order; determinant and module-norm infrastructure	NONE		dependency_graph_recorded			canon_staged_semantics_resolved	The main statement requires the staged resultant form, its precise normalization, divisor-ideal injectivity, and characteristic multiplicity. P22 confirms that the P18 product is genuinely triangular/staged.
HENTZELT-NOETHER-1923-GROUND-MODULE-DEFINITION	P22	Zur Theorie der Polynomideale und Resultanten	1923	Definition I lines 12752–12762; formulae (2)–(4)	EE226847656BC4D65EDDA9E9BF9BB1D25797C0C6D672D267D94A97FD88C7AD58	GAP_CANDIDATE	Submodule; Module.rank; Module.finrank; Module.IsTorsion	PROMOTED_SUPPORT	MathematicalCommons.Noether.PolynomialIdealsAndResultants1923.RegularIdealDecomposition.nonzeroScalarSaturation; MathematicalCommons.Noether.PolynomialIdealsAndResultants1923.RegularIdealDecomposition.IsGroundModule; MathematicalCommons.Noether.PolynomialIdealsAndResultants1923.RegularIdealDecomposition.isGroundModule_iff_nonzeroScalarSaturation_eq; MathematicalCommons.Noether.PolynomialIdealsAndResultants1923.RegularIdealDecomposition.nonzeroScalarSaturation_isLeast; MathematicalCommons.Noether.PolynomialIdealsAndResultants1923.RegularIdealDecomposition.nonzeroScalarSaturation_rank_eq	built_v4.31.0	artifacts/build/MathematicalCommons-Noether-PolynomialIdealsAndResultants1923-FirstGroundModuleTorsion-20260828T1611183796552-b3ea0d69.module.receipt.json	propext; Classical.choice; Quot.sound	neutral	Formula (2)'s cancellation condition and formula (4)'s nonzero-scalar saturation are promoted in HENTZELT-NOETHER-1923-FIRST-GROUND-MODULE, with the same-rank consequence in HENTZELT-NOETHER-1923-FIRST-GROUND-MODULE-TORSION. A separate equivalence with every nuance of the historical no-proper-divisor-of-equal-rank phrasing is not packaged in this broad definition record.
HENTZELT-NOETHER-1923-SATZ-I	P22	Zur Theorie der Polynomideale und Resultanten	1923	Satz I lines 12763–12795	EE226847656BC4D65EDDA9E9BF9BB1D25797C0C6D672D267D94A97FD88C7AD58	GAP_CANDIDATE	Submodule; Module.IsTorsion; Module.rank; Submodule.rank_quotient_add_rank; Cardinal.toNat	PROMOTED_SUPPORT	MathematicalCommons.Noether.PolynomialIdealsAndResultants1923.RegularIdealDecomposition.nonzeroScalarSaturation_isLeast; MathematicalCommons.Noether.PolynomialIdealsAndResultants1923.RegularIdealDecomposition.relativeQuotient_isTorsion_iff_le_nonzeroScalarSaturation; MathematicalCommons.Noether.PolynomialIdealsAndResultants1923.RegularIdealDecomposition.relativeDenominator_rank_eq_of_le_nonzeroScalarSaturation; MathematicalCommons.Noether.PolynomialIdealsAndResultants1923.RegularIdealDecomposition.relativeDenominator_finrank_eq_of_le_nonzeroScalarSaturation; MathematicalCommons.Noether.PolynomialIdealsAndResultants1923.RegularIdealDecomposition.nonzeroScalarSaturation_rank_eq	built_v4.31.0	artifacts/build/MathematicalCommons-Noether-PolynomialIdealsAndResultants1923-FirstGroundModuleTorsion-20260828T1611183796552-b3ea0d69.module.receipt.json	propext; Classical.choice; Quot.sound	neutral	The formula-(4) least-ground-module construction and same-rank conclusion are promoted in the two first-ground-module records. The displayed localized Smith-basis representation and the full historical divisor formulation remain unformalized, so this broad Satz-I record remains GAP_CANDIDATE.
HENTZELT-NOETHER-1923-MODULE-QUOTIENT-DEFINITION	P22	Zur Theorie der Polynomideale und Resultanten	1923	Definition II lines 12800–12810	EE226847656BC4D65EDDA9E9BF9BB1D25797C0C6D672D267D94A97FD88C7AD58	MATHLIB_MODERN_FORM	Submodule.colon; Submodule.mem_colon; scalar multiplication	NONE		audit_complete_no_local_code			neutral	The scalar set c with cB contained in A is modeled by a colon/annihilator-style ideal after fixing the historical divisibility orientation; it is not a quotient type.
HENTZELT-NOETHER-1923-SATZ-II	P22	Zur Theorie der Polynomideale und Resultanten	1923	Satz II lines 12815–12844	EE226847656BC4D65EDDA9E9BF9BB1D25797C0C6D672D267D94A97FD88C7AD58	GAP_CANDIDATE	Submodule.smithNormalFormCoeffs; Ideal.smithCoeffs; Ideal.quotientEquivPiSpan	NONE		dependency_graph_recorded			neutral	Smith coefficients and quotient decompositions exist, but the reciprocal identities between Hentzelt's ground module and highest elementary divisor are not packaged.
HENTZELT-NOETHER-1923-SATZ-III	P22	Zur Theorie der Polynomideale und Resultanten	1923	Satz III lines 12849–12895	EE226847656BC4D65EDDA9E9BF9BB1D25797C0C6D672D267D94A97FD88C7AD58	GAP_CANDIDATE	FractionRing; IsLocalization; submodule localization infrastructure	NONE		dependency_graph_recorded			neutral	The quotient representation over multivariate-polynomial or general domain coefficients goes beyond the pinned PID Smith-normal-form theorem and needs a localized source-shaped proof.
HENTZELT-NOETHER-1923-NORM-DEFINITION	P22	Zur Theorie der Polynomideale und Resultanten	1923	Definition III lines 12906–12918	EE226847656BC4D65EDDA9E9BF9BB1D25797C0C6D672D267D94A97FD88C7AD58	MATHLIB_MODERN_FORM	LinearMap.det; Algebra.norm_apply; Algebra.norm_eq_matrix_det	NONE		audit_complete_no_local_code			neutral	Modern determinant norms provide the target language after finite-free bases are fixed; the historical transition from ground module to module must still be constructed.
HENTZELT-NOETHER-1923-SATZ-IV	P22	Zur Theorie der Polynomideale und Resultanten	1923	Satz IV lines 12919–12922	EE226847656BC4D65EDDA9E9BF9BB1D25797C0C6D672D267D94A97FD88C7AD58	GAP_CANDIDATE	Submodule.exists_smith_normal_form_of_rank_eq; Matrix.det	NONE		dependency_graph_recorded			neutral	Equality of determinants alone is insufficient; the source also uses module divisibility, equal rank, and a common ground module. No end-to-end pinned injectivity result was found.
HENTZELT-NOETHER-1923-SATZ-V	P22	Zur Theorie der Polynomideale und Resultanten	1923	Satz V lines 12924–12998	EE226847656BC4D65EDDA9E9BF9BB1D25797C0C6D672D267D94A97FD88C7AD58	GAP_CANDIDATE	IsCoprime; Ideal.isCoprime_iff_sup_eq; Chinese-remainder infrastructure; Smith normal form	NONE		dependency_graph_recorded			neutral	Coprime factorization vocabulary exists, but the unique reconstruction of two module divisors with prescribed norm factors is source-specific and missing.
HENTZELT-NOETHER-1923-TRANSFORMED-IDEAL-DEFINITION	P22	Zur Theorie der Polynomideale und Resultanten	1923	Equation (12) and Definition IV, lines 13004–13037	EE226847656BC4D65EDDA9E9BF9BB1D25797C0C6D672D267D94A97FD88C7AD58	FORMALIZED_GAP	MvPolynomial.bind₁; AlgEquiv; Ideal.map; Ideal.map_span	PROMOTED_DEFINITION	MathematicalCommons.Noether.PolynomialIdealsAndResultants1923.CoordinateShear.forwardFamily; MathematicalCommons.Noether.PolynomialIdealsAndResultants1923.CoordinateShear.inverseFamily; MathematicalCommons.Noether.PolynomialIdealsAndResultants1923.CoordinateShear.forwardHom; MathematicalCommons.Noether.PolynomialIdealsAndResultants1923.CoordinateShear.inverseHom; MathematicalCommons.Noether.PolynomialIdealsAndResultants1923.CoordinateShear.forwardHom_X; MathematicalCommons.Noether.PolynomialIdealsAndResultants1923.CoordinateShear.inverseHom_X; MathematicalCommons.Noether.PolynomialIdealsAndResultants1923.CoordinateShear.forward_comp_inverse; MathematicalCommons.Noether.PolynomialIdealsAndResultants1923.CoordinateShear.inverse_comp_forward; MathematicalCommons.Noether.PolynomialIdealsAndResultants1923.CoordinateShear.equiv; MathematicalCommons.Noether.PolynomialIdealsAndResultants1923.CoordinateShear.equiv_apply; MathematicalCommons.Noether.PolynomialIdealsAndResultants1923.CoordinateShear.equiv_symm_apply; MathematicalCommons.Noether.PolynomialIdealsAndResultants1923.CoordinateShear.equiv_X; MathematicalCommons.Noether.PolynomialIdealsAndResultants1923.CoordinateShear.equiv_symm_X; MathematicalCommons.Noether.PolynomialIdealsAndResultants1923.CoordinateShear.equiv_X_pivot; MathematicalCommons.Noether.PolynomialIdealsAndResultants1923.CoordinateShear.equiv_symm_X_pivot; MathematicalCommons.Noether.PolynomialIdealsAndResultants1923.CoordinateShear.equiv_X_of_ne; MathematicalCommons.Noether.PolynomialIdealsAndResultants1923.CoordinateShear.equiv_symm_X_of_ne; MathematicalCommons.Noether.PolynomialIdealsAndResultants1923.CoordinateShear.transformIdeal; MathematicalCommons.Noether.PolynomialIdealsAndResultants1923.CoordinateShear.equiv_apply_mem_transformIdeal_iff; MathematicalCommons.Noether.PolynomialIdealsAndResultants1923.CoordinateShear.mem_transformIdeal_iff_symm_mem; MathematicalCommons.Noether.PolynomialIdealsAndResultants1923.CoordinateShear.map_symm_transformIdeal; MathematicalCommons.Noether.PolynomialIdealsAndResultants1923.CoordinateShear.transformIdeal_span; MathematicalCommons.Noether.PolynomialIdealsAndResultants1923.CoordinateShear.transformIdeal_span_range; MathematicalCommons.Noether.PolynomialIdealsAndResultants1923.CoordinateShear.optionParameters; MathematicalCommons.Noether.PolynomialIdealsAndResultants1923.CoordinateShear.optionPivotEquiv; MathematicalCommons.Noether.PolynomialIdealsAndResultants1923.CoordinateShear.optionPivotEquiv_X_some; MathematicalCommons.Noether.PolynomialIdealsAndResultants1923.CoordinateShear.optionPivotEquiv_X_none; MathematicalCommons.Noether.PolynomialIdealsAndResultants1923.CoordinateShear.optionPivotEquiv_symm_X_some; MathematicalCommons.Noether.PolynomialIdealsAndResultants1923.CoordinateShear.optionPivotEquiv_symm_X_none; MathematicalCommons.Noether.PolynomialIdealsAndResultants1923.CoordinateShear.lowerImage; MathematicalCommons.Noether.PolynomialIdealsAndResultants1923.CoordinateShear.rowForwardFamily; MathematicalCommons.Noether.PolynomialIdealsAndResultants1923.CoordinateShear.rowInverseFamily; MathematicalCommons.Noether.PolynomialIdealsAndResultants1923.CoordinateShear.rowForwardHom; MathematicalCommons.Noether.PolynomialIdealsAndResultants1923.CoordinateShear.rowInverseHom; MathematicalCommons.Noether.PolynomialIdealsAndResultants1923.CoordinateShear.rowForwardHom_X; MathematicalCommons.Noether.PolynomialIdealsAndResultants1923.CoordinateShear.rowInverseHom_X; MathematicalCommons.Noether.PolynomialIdealsAndResultants1923.CoordinateShear.rowForward_comp_inverse; MathematicalCommons.Noether.PolynomialIdealsAndResultants1923.CoordinateShear.rowInverse_comp_forward; MathematicalCommons.Noether.PolynomialIdealsAndResultants1923.CoordinateShear.rowEquiv; MathematicalCommons.Noether.PolynomialIdealsAndResultants1923.CoordinateShear.rowEquiv_X; MathematicalCommons.Noether.PolynomialIdealsAndResultants1923.CoordinateShear.rowEquiv_X_target; MathematicalCommons.Noether.PolynomialIdealsAndResultants1923.CoordinateShear.rowEquiv_X_of_ne; MathematicalCommons.Noether.PolynomialIdealsAndResultants1923.CoordinateShear.rowEquiv_lowerImage_of_lt; MathematicalCommons.Noether.PolynomialIdealsAndResultants1923.CoordinateShear.lowerPrefixEquiv; MathematicalCommons.Noether.PolynomialIdealsAndResultants1923.CoordinateShear.lowerPrefixEquiv_X; MathematicalCommons.Noether.PolynomialIdealsAndResultants1923.CoordinateShear.lowerUnitriangularEquiv; MathematicalCommons.Noether.PolynomialIdealsAndResultants1923.CoordinateShear.lowerUnitriangularEquiv_X; MathematicalCommons.Noether.PolynomialIdealsAndResultants1923.CoordinateShear.lowerUnitriangularEquiv_symm_X; MathematicalCommons.Noether.PolynomialIdealsAndResultants1923.CoordinateShear.lowerTransformIdeal; MathematicalCommons.Noether.PolynomialIdealsAndResultants1923.CoordinateShear.lowerEquiv_apply_mem_transformIdeal_iff; MathematicalCommons.Noether.PolynomialIdealsAndResultants1923.CoordinateShear.mem_lowerTransformIdeal_iff_symm_mem; MathematicalCommons.Noether.PolynomialIdealsAndResultants1923.CoordinateShear.map_symm_lowerTransformIdeal; MathematicalCommons.Noether.PolynomialIdealsAndResultants1923.CoordinateShear.lowerTransformIdeal_span; MathematicalCommons.Noether.PolynomialIdealsAndResultants1923.CoordinateShear.lowerTransformIdeal_span_range; MathematicalCommons.Noether.PolynomialIdealsAndResultants1923.CoordinateShear.IndependentParameters.LowerParameter; MathematicalCommons.Noether.PolynomialIdealsAndResultants1923.CoordinateShear.IndependentParameters.independentLowerMatrix; MathematicalCommons.Noether.PolynomialIdealsAndResultants1923.CoordinateShear.IndependentParameters.independentParameterVariables_algebraicIndependent; MathematicalCommons.Noether.PolynomialIdealsAndResultants1923.CoordinateShear.IndependentParameters.independentLowerMatrix_of_lt; MathematicalCommons.Noether.PolynomialIdealsAndResultants1923.CoordinateShear.IndependentParameters.independentLowerMatrix_of_not_lt; MathematicalCommons.Noether.PolynomialIdealsAndResultants1923.CoordinateShear.IndependentParameters.independentLowerUnitriangularEquiv; MathematicalCommons.Noether.PolynomialIdealsAndResultants1923.CoordinateShear.IndependentParameters.independentLowerUnitriangularEquiv_X; MathematicalCommons.Noether.PolynomialIdealsAndResultants1923.CoordinateShear.IndependentParameters.genericTransformHom_independent_X	built_v4.31.0	artifacts/build/MathematicalCommons-Noether-PolynomialIdealsAndResultants1923-GenericParameters-20260825T1713256603826-8eceb7ac.module.receipt.json	propext; Classical.choice; Quot.sound	neutral	Promoted the full lower-unitriangular equation (12), its recursive inverse, ideal/generator transport, the natural lower-pair parameter type, and algebraic independence of the printed coefficients. The reusable elementary shear remains explicitly separate. Later regularity determinants are downstream infrastructure, not part of Definition IV.
HENTZELT-NOETHER-1923-REGULAR-POLYNOMIAL-DEFINITION	P22	Zur Theorie der Polynomideale und Resultanten	1923	regularity definition line 13039	EE226847656BC4D65EDDA9E9BF9BB1D25797C0C6D672D267D94A97FD88C7AD58	NEW_PACKAGING	MvPolynomial.totalDegree; MvPolynomial.coeff; Finsupp.single	PROMOTED_DEFINITION	MathematicalCommons.Noether.PolynomialIdealsAndResultants1923.RegularitySpecialization.IsRegularInDegree	built_v4.31.0	artifacts/build/MathematicalCommons-Noether-PolynomialIdealsAndResultants1923-RegularitySpecialization-20260825T2235544405991-6ed747de.module.receipt.json	propext; Classical.choice; Quot.sound	neutral	Models the printed definition exactly: a polynomial of total degree r is regular with respect to x_i when the pure-power coefficient of x_i^r is nonzero. It does not assert that a given ideal or determinant supplies such a polynomial.
HENTZELT-NOETHER-1923-PARAMETER-DENOMINATOR-CLEARING	P22	Zur Theorie der Polynomideale und Resultanten	1923	Coefficient extension and common-denominator steps, lines 13004–13024 and 13080–13096	EE226847656BC4D65EDDA9E9BF9BB1D25797C0C6D672D267D94A97FD88C7AD58	FORMALIZED_GAP	MvPolynomial.commAlgEquiv; IsLocalization; FractionRing; Ideal.map	PROMOTED_SUPPORT	MathematicalCommons.Noether.PolynomialIdealsAndResultants1923.algebraMap_mem_localizedIdeal_iff_exists_denominator; MathematicalCommons.Noether.PolynomialIdealsAndResultants1923.under_map_eq_of_denominator_saturated; MathematicalCommons.Noether.PolynomialIdealsAndResultants1923.denominator_saturated_of_isRegular_quotient; MathematicalCommons.Noether.PolynomialIdealsAndResultants1923.mem_of_algebraMap_mem_localizedIdeal_of_denominator_saturated; MathematicalCommons.Noether.PolynomialIdealsAndResultants1923.under_map_eq_of_isPrimary_disjoint; MathematicalCommons.Noether.PolynomialIdealsAndResultants1923.mvPolynomial_map_mem_localizedIdeal_iff_exists_denominator; MathematicalCommons.Noether.PolynomialIdealsAndResultants1923.mvPolynomial_under_map_eq_of_coefficient_denominator_saturated; MathematicalCommons.Noether.PolynomialIdealsAndResultants1923.mvPolynomial_under_map_eq_of_isPrimary_disjoint; MathematicalCommons.Noether.PolynomialIdealsAndResultants1923.mvPolynomial_mem_of_map_mem_localizedIdeal; MathematicalCommons.Noether.PolynomialIdealsAndResultants1923.nestedVariableSwapEquiv; MathematicalCommons.Noether.PolynomialIdealsAndResultants1923.nestedVariableSwapEquiv_map_C; MathematicalCommons.Noether.PolynomialIdealsAndResultants1923.groundToParameterFraction; MathematicalCommons.Noether.PolynomialIdealsAndResultants1923.map_groundIdeal_through_parameterRing; MathematicalCommons.Noether.PolynomialIdealsAndResultants1923.exists_nonzero_parameter_denominator_of_mem_fractionExtension; MathematicalCommons.Noether.PolynomialIdealsAndResultants1923.exists_nonzero_parameter_denominator_and_numerator; MathematicalCommons.Noether.PolynomialIdealsAndResultants1923.exists_nonzero_parameter_denominator_mul_mem_coefficientExtension; MathematicalCommons.Noether.PolynomialIdealsAndResultants1923.exists_common_parameterPresentation; MathematicalCommons.Noether.PolynomialIdealsAndResultants1923.liftParameterPolynomial; MathematicalCommons.Noether.PolynomialIdealsAndResultants1923.parameterToCoefficient_liftParameterPolynomial; MathematicalCommons.Noether.PolynomialIdealsAndResultants1923.parameterTransformHom_liftParameterPolynomial; MathematicalCommons.Noether.PolynomialIdealsAndResultants1923.nestedVariableSwapEquiv_mem_parameterExtension	built_v4.31.0	artifacts/build/MathematicalCommons-Noether-PolynomialIdealsAndResultants1923-SatzVICommonPresentation-20260825T1724217884888-614bc32e.module.receipt.json	propext; Classical.choice; Quot.sound	neutral	Promoted exact nested-variable localization and denominator clearing, including coefficient lifts, absorption into the coefficient extension over an arbitrary finite parameter type, and one common nonzero parameter denominator for two rational-function polynomials. No prime, primary, or saturation hypothesis is imposed.
HENTZELT-NOETHER-1923-GROUND-IDEAL-DEFINITION	P22	Zur Theorie der Polynomideale und Resultanten	1923	Definition V lines 13046–13055	EE226847656BC4D65EDDA9E9BF9BB1D25797C0C6D672D267D94A97FD88C7AD58	MATHLIB_MODERN_FORM	IsLocalization; Ideal.map; Ideal.comap; Localization	PROMOTED_DEFINITION	MathematicalCommons.Noether.PolynomialIdealsAndResultants1923.groundIdealAlong; MathematicalCommons.Noether.PolynomialIdealsAndResultants1923.mem_groundIdealAlong_iff; MathematicalCommons.Noether.PolynomialIdealsAndResultants1923.nonzeroLateVariableSubmonoid; MathematicalCommons.Noether.PolynomialIdealsAndResultants1923.mem_nonzeroLateVariableSubmonoid_iff; MathematicalCommons.Noether.PolynomialIdealsAndResultants1923.cutoff_le_of_mem_vars_of_mem_nonzeroLateVariableSubmonoid; MathematicalCommons.Noether.PolynomialIdealsAndResultants1923.exponent_eq_zero_of_mem_support_of_mem_nonzeroLateVariableSubmonoid; MathematicalCommons.Noether.PolynomialIdealsAndResultants1923.mem_nonzeroLateVariableSubmonoid_zero_iff; MathematicalCommons.Noether.PolynomialIdealsAndResultants1923.C_mem_nonzeroLateVariableSubmonoid_iff; MathematicalCommons.Noether.PolynomialIdealsAndResultants1923.X_mem_nonzeroLateVariableSubmonoid_iff; MathematicalCommons.Noether.PolynomialIdealsAndResultants1923.nonzeroLateVariableSubmonoid_antitone; MathematicalCommons.Noether.PolynomialIdealsAndResultants1923.mem_nonzeroLateVariableSubmonoid_card_iff; MathematicalCommons.Noether.PolynomialIdealsAndResultants1923.stageGroundIdeal; MathematicalCommons.Noether.PolynomialIdealsAndResultants1923.mem_stageGroundIdeal_iff; MathematicalCommons.Noether.PolynomialIdealsAndResultants1923.stageGroundIdeal_antitone	built_v4.31.0	artifacts/build/MathematicalCommons-Noether-PolynomialIdealsAndResultants1923-StageMultipliers-20260825T1652079444030-a9aaebc0.module.receipt.json	propext; Classical.choice; Quot.sound	neutral	Promoted localization extension-contraction along an explicit submonoid, its witness characterization ∃ b ∈ M, bG ∈ I, the literal nonzero late-variable submonoids, the source-to-Lean stage-index dictionary, equation (16), and stage antitonicity. Connecting the later regularity polynomials and staged resultants remains open.
HENTZELT-NOETHER-1923-SATZ-VI	P22	Zur Theorie der Polynomideale und Resultanten	1923	Satz VI and equation (17), lines 13057–13107	EE226847656BC4D65EDDA9E9BF9BB1D25797C0C6D672D267D94A97FD88C7AD58	FORMALIZED_GAP	Polynomial.contentIdeal; Polynomial.contentIdeal_mul_le_mul_contentIdeal; Polynomial.mul_contentIdeal_le_radical_contentIdeal_mul; MvPolynomial.bind₁; Ideal.map; Ideal.comap; MvPolynomial.commAlgEquiv; FractionRing; Localization	PROMOTED_THEOREM	MathematicalCommons.Noether.PolynomialIdealsAndResultants1923.coefficientModule; MathematicalCommons.Noether.PolynomialIdealsAndResultants1923.coefficientModule_self_eq_contentIdeal; MathematicalCommons.Noether.PolynomialIdealsAndResultants1923.coeff_mem_coefficientModule; MathematicalCommons.Noether.PolynomialIdealsAndResultants1923.coefficientModule_monomial; MathematicalCommons.Noether.PolynomialIdealsAndResultants1923.coefficientModule_C; MathematicalCommons.Noether.PolynomialIdealsAndResultants1923.coefficientModule_mul_le_mul_coefficientModule; MathematicalCommons.Noether.PolynomialIdealsAndResultants1923.coefficientModule_mul_C_eq; MathematicalCommons.Noether.PolynomialIdealsAndResultants1923.coefficientModule_le_erase_sup_span; MathematicalCommons.Noether.PolynomialIdealsAndResultants1923.coefficientModule_mul_erase_le; MathematicalCommons.Noether.PolynomialIdealsAndResultants1923.span_singleton_mul_le_iff; MathematicalCommons.Noether.PolynomialIdealsAndResultants1923.coefficientModule_mul_le_of_coefficients; MathematicalCommons.Noether.PolynomialIdealsAndResultants1923.dedekindMertens_coefficientModule_hard_bound; MathematicalCommons.Noether.PolynomialIdealsAndResultants1923.dedekindMertens_coefficientModule; MathematicalCommons.Noether.PolynomialIdealsAndResultants1923.dedekindMertens_module_le_restrictScalars; MathematicalCommons.Noether.PolynomialIdealsAndResultants1923.mvPolynomial_coeff_pow_mem_submodule_pow; MathematicalCommons.Noether.PolynomialIdealsAndResultants1923.mvPolynomial_pow_mul_C_mem_coefficientExtension; MathematicalCommons.Noether.PolynomialIdealsAndResultants1923.Kronecker.weightedExponent; MathematicalCommons.Noether.PolynomialIdealsAndResultants1923.Kronecker.weightedExponent_apply; MathematicalCommons.Noether.PolynomialIdealsAndResultants1923.Kronecker.weightedExponent_single; MathematicalCommons.Noether.PolynomialIdealsAndResultants1923.Kronecker.ofDigits_ofFn_eq_weightedExponent; MathematicalCommons.Noether.PolynomialIdealsAndResultants1923.Kronecker.weightedExponent_injective_of_lt_base; MathematicalCommons.Noether.PolynomialIdealsAndResultants1923.Kronecker.exponent_le_of_mem_support; MathematicalCommons.Noether.PolynomialIdealsAndResultants1923.Kronecker.weightedExponent_injOn_support_of_totalDegree_le; MathematicalCommons.Noether.PolynomialIdealsAndResultants1923.Kronecker.kroneckerSubstitution; MathematicalCommons.Noether.PolynomialIdealsAndResultants1923.Kronecker.kroneckerSubstitution_C; MathematicalCommons.Noether.PolynomialIdealsAndResultants1923.Kronecker.kroneckerSubstitution_X; MathematicalCommons.Noether.PolynomialIdealsAndResultants1923.Kronecker.kroneckerSubstitution_monomial; MathematicalCommons.Noether.PolynomialIdealsAndResultants1923.Kronecker.kroneckerSubstitution_eq_sum; MathematicalCommons.Noether.PolynomialIdealsAndResultants1923.Kronecker.coeff_kroneckerSubstitution_of_mem_support; MathematicalCommons.Noether.PolynomialIdealsAndResultants1923.Kronecker.coeff_kroneckerSubstitution_eq_zero_of_notMem_image; MathematicalCommons.Noether.PolynomialIdealsAndResultants1923.Kronecker.support_kroneckerSubstitution_eq_image; MathematicalCommons.Noether.PolynomialIdealsAndResultants1923.Kronecker.coeffs_kroneckerSubstitution_eq; MathematicalCommons.Noether.PolynomialIdealsAndResultants1923.Kronecker.coeffs_kroneckerSubstitution_eq_of_totalDegree_le; MathematicalCommons.Noether.PolynomialIdealsAndResultants1923.mvCoefficientModule; MathematicalCommons.Noether.PolynomialIdealsAndResultants1923.exists_dedekindMertens_mvCoefficientModule; MathematicalCommons.Noether.PolynomialIdealsAndResultants1923.contentIdeal_mul_C_eq; MathematicalCommons.Noether.PolynomialIdealsAndResultants1923.contentIdeal_le_erase_sup_span; MathematicalCommons.Noether.PolynomialIdealsAndResultants1923.contentIdeal_mul_erase_le; MathematicalCommons.Noether.PolynomialIdealsAndResultants1923.dedekindMertens_hard_bound; MathematicalCommons.Noether.PolynomialIdealsAndResultants1923.dedekindMertens; MathematicalCommons.Noether.PolynomialIdealsAndResultants1923.contentIdeal_C_add_C_mul_X; MathematicalCommons.Noether.PolynomialIdealsAndResultants1923.contentIdeal_sq_mul_span_pair_le_mul_contentIdeal; MathematicalCommons.Noether.PolynomialIdealsAndResultants1923.mul_le_sq_mul_of_le_mul; MathematicalCommons.Noether.PolynomialIdealsAndResultants1923.dedekindMertens_linear; MathematicalCommons.Noether.PolynomialIdealsAndResultants1923.eq_C_add_C_mul_X_of_natDegree_le_one; MathematicalCommons.Noether.PolynomialIdealsAndResultants1923.dedekindMertens_of_natDegree_le_one; MathematicalCommons.Noether.PolynomialIdealsAndResultants1923.exists_dedekindMertens_exponent_linear; MathematicalCommons.Noether.PolynomialIdealsAndResultants1923.parameterToCoefficient; MathematicalCommons.Noether.PolynomialIdealsAndResultants1923.parameterToCoefficient_C; MathematicalCommons.Noether.PolynomialIdealsAndResultants1923.genericTransformHom; MathematicalCommons.Noether.PolynomialIdealsAndResultants1923.parameterTransformHom; MathematicalCommons.Noether.PolynomialIdealsAndResultants1923.genericTransformIdeal; MathematicalCommons.Noether.PolynomialIdealsAndResultants1923.parameterTransformHom_C; MathematicalCommons.Noether.PolynomialIdealsAndResultants1923.coeff_mem_mvCoefficientModule_int; MathematicalCommons.Noether.PolynomialIdealsAndResultants1923.mvCoefficientModule_le_restrictScalars_of_mem_map_C; MathematicalCommons.Noether.PolynomialIdealsAndResultants1923.exists_pow_mul_C_mem_coefficientExtension_of_mul_mem; MathematicalCommons.Noether.PolynomialIdealsAndResultants1923.parameterCoefficient_mem_groundIdealAlong; MathematicalCommons.Noether.PolynomialIdealsAndResultants1923.FiniteParameterBridge.exists_pow_mul_C_mem_coefficientExtension_of_mul_mem_finite; MathematicalCommons.Noether.PolynomialIdealsAndResultants1923.FiniteParameterBridge.parameterCoefficient_mem_groundIdealAlong_finite; MathematicalCommons.Noether.PolynomialIdealsAndResultants1923.CoordinateShear.IndependentParameters.parameterCoefficient_mem_groundIdealAlong_independent; MathematicalCommons.Noether.PolynomialIdealsAndResultants1923.liftParameterPolynomial; MathematicalCommons.Noether.PolynomialIdealsAndResultants1923.parameterToCoefficient_liftParameterPolynomial; MathematicalCommons.Noether.PolynomialIdealsAndResultants1923.parameterTransformHom_liftParameterPolynomial; MathematicalCommons.Noether.PolynomialIdealsAndResultants1923.nestedVariableSwapEquiv_mem_parameterExtension; MathematicalCommons.Noether.PolynomialIdealsAndResultants1923.exists_nonzero_parameter_denominator_mul_mem_coefficientExtension; MathematicalCommons.Noether.PolynomialIdealsAndResultants1923.parameterCoefficient_mem_groundIdealAlong_of_fractionProduct; MathematicalCommons.Noether.PolynomialIdealsAndResultants1923.parameterTransformHom_mem_genericTransformIdeal_of_fractionProduct; MathematicalCommons.Noether.PolynomialIdealsAndResultants1923.mem_genericTransformIdeal_comap_ground_of_fractionProduct; MathematicalCommons.Noether.PolynomialIdealsAndResultants1923.exists_common_parameterPresentation; MathematicalCommons.Noether.PolynomialIdealsAndResultants1923.parameterTransformHom_mem_nonzeroLateVariableSubmonoid_of_eq; MathematicalCommons.Noether.PolynomialIdealsAndResultants1923.mem_genericTransformIdeal_comap_stageGround_of_mem_stageGround; MathematicalCommons.Noether.PolynomialIdealsAndResultants1923.stageGroundIdeal_genericTransform_eq; MathematicalCommons.Noether.PolynomialIdealsAndResultants1923.stageGroundIdeal_independentLowerUnitriangular_eq	built_v4.31.0	artifacts/build/MathematicalCommons-Noether-PolynomialIdealsAndResultants1923-SatzVICommonPresentation-20260825T1724217884888-614bc32e.module.receipt.json	propext; Classical.choice; Quot.sound	neutral	Formalizes equation (17), its literal Z-linear specialization, natural algebraically-independent lower-pair parameters, the exact late-variable stages, simultaneous denominator presentation, coefficient reconstruction, and both inclusions of Satz VI. The source-specialized theorem stageGroundIdeal_independentLowerUnitriangular_eq states the final transformed-contraction equality. Later regularity determinants and stage resultants are separate downstream theorems. Base equation-(17) receipt: artifacts/build/MathematicalCommons-Noether-PolynomialIdealsAndResultants1923-20260825T1601284397517-047344cb.module.receipt.json.
HENTZELT-NOETHER-1923-SATZ-VII	P22	Zur Theorie der Polynomideale und Resultanten	1923	Satz VII lines 13123–13319; equation (21) lines 13134–13139	EE226847656BC4D65EDDA9E9BF9BB1D25797C0C6D672D267D94A97FD88C7AD58	GAP_CANDIDATE	Module.Free; Module.Finite; Submodule.exists_smith_normal_form_of_le; Ideal.smithNormalForm; Polynomial.eq_zero_of_infinite_isRoot; MvPolynomial.eval; MvPolynomial.finSuccEquiv; Polynomial.divByMonic; Polynomial.modByMonic	PROMOTED_SUPPORT	MathematicalCommons.Noether.PolynomialIdealsAndResultants1923.RegularityDivision.finSuccEquiv_coeff_eq_C_of_regular; MathematicalCommons.Noether.PolynomialIdealsAndResultants1923.RegularityDivision.natDegree_finSuccEquiv_eq_of_regular; MathematicalCommons.Noether.PolynomialIdealsAndResultants1923.RegularityDivision.monicRegularDivisor; MathematicalCommons.Noether.PolynomialIdealsAndResultants1923.RegularityDivision.monic_monicRegularDivisor; MathematicalCommons.Noether.PolynomialIdealsAndResultants1923.RegularityDivision.natDegree_monicRegularDivisor; MathematicalCommons.Noether.PolynomialIdealsAndResultants1923.RegularityDivision.regularRemainder; MathematicalCommons.Noether.PolynomialIdealsAndResultants1923.RegularityDivision.regularQuotient; MathematicalCommons.Noether.PolynomialIdealsAndResultants1923.RegularityDivision.regularRemainder_add_mul_regularQuotient; MathematicalCommons.Noether.PolynomialIdealsAndResultants1923.RegularityDivision.degree_regularRemainder_lt; MathematicalCommons.Noether.PolynomialIdealsAndResultants1923.RegularityDivision.boundedRepresentative; MathematicalCommons.Noether.PolynomialIdealsAndResultants1923.RegularityDivision.exists_eq_boundedRepresentative_add_mul; MathematicalCommons.Noether.PolynomialIdealsAndResultants1923.RegularityDivision.degree_finSuccEquiv_boundedRepresentative_lt	built_v4.31.0	artifacts/build/MathematicalCommons-Noether-PolynomialIdealsAndResultants1923-RegularityDivision-20260826T0008290451725-a4fbcf99.module.receipt.json	propext; Classical.choice; Quot.sound	neutral	Promoted equation (21): for a supplied degree-k polynomial regular in x₁, monic normalization and polynomial division give every polynomial an exact representative modulo it with x₁-degree < k. Separate P22 records now promote equations (22)–(23), the cutoff-one coordinate-module quotient bridge, and a generic equation-(24) PID Smith package. Line 13162's exact ground-module saturation and unlocalized full-rank consequences are promoted separately. Later C^(i), the historical late-variable localization, transport of finite generation and equal rank to the PID K[x₂], the actual equation-(24) Smith instantiation, the full infinite-tail nonunit-factor statement, primitive stage resultants, and auxiliary-choice independence remain open.
HENTZELT-NOETHER-1923-RESIDUE-SYSTEM-ISOMORPHISM-DEFINITION	P22	Zur Theorie der Polynomideale und Resultanten	1923	repeated Definition V line 13128	EE226847656BC4D65EDDA9E9BF9BB1D25797C0C6D672D267D94A97FD88C7AD58	MATHLIB_MODERN_FORM	Submodule.quotient; LinearEquiv; LinearMap.quotKerEquivRange	NONE		audit_complete_no_local_code			neutral	Modern quotient-module linear equivalences capture the stated additive and scalar-compatible bijection once the concrete modules from Satz VII are defined.
HENTZELT-NOETHER-1923-STAGE-RESULTANT-DEFINITION	P22	Zur Theorie der Polynomideale und Resultanten	1923	Definition VI lines 13323–13335	EE226847656BC4D65EDDA9E9BF9BB1D25797C0C6D672D267D94A97FD88C7AD58	GAP_CANDIDATE	associated_norm_prod_smith; Ideal.smithCoeffs; Matrix.det; Polynomial.IsPrimitive	NONE		formalization_target_identified			canon_staged_semantics_resolved	Mathlib relates finite-free norms and Smith coefficients, but Hentzelt's stage modules, determinant divisors, primitive normalization, and products R_m and E_m still need construction. These are not ordinary univariate resultants.
HENTZELT-NOETHER-1923-SATZ-VIII	P22	Zur Theorie der Polynomideale und Resultanten	1923	Satz VIII lines 13340–13382	EE226847656BC4D65EDDA9E9BF9BB1D25797C0C6D672D267D94A97FD88C7AD58	GAP_CANDIDATE	Ideal.radical; Ideal.mem_span_singleton; MvPolynomial.aeval; Polynomial content and Smith-norm infrastructure	PROMOTED_SUPPORT	MathematicalCommons.Noether.PolynomialIdealsAndResultants1923.radical_span_eq_of_dvd_pow; MathematicalCommons.Noether.PolynomialIdealsAndResultants1923.map_eq_zero_iff_of_dvd_pow; MathematicalCommons.Noether.PolynomialIdealsAndResultants1923.aeval_eq_zero_iff_of_dvd_pow; MathematicalCommons.Noether.PolynomialIdealsAndResultants1923.vanishingSet_eq_of_dvd_pow	built_v4.31.0	artifacts/build/MathematicalCommons-Noether-PolynomialIdealsAndResultants1923-20260825T1601284397517-047344cb.module.receipt.json	propext; Classical.choice; Quot.sound	canon_staged_semantics_resolved	Promoted equality of principal radicals and zero sets conditional on E dividing R and R dividing a power of E. The source's divisibility and tail-product ideal-membership assertions themselves remain unproved.
HENTZELT-NOETHER-1923-SATZ-IX	P22	Zur Theorie der Polynomideale und Resultanten	1923	Satz IX lines 13387–13400	EE226847656BC4D65EDDA9E9BF9BB1D25797C0C6D672D267D94A97FD88C7AD58	GAP_CANDIDATE	Ideal order; Matrix.det; Smith-normal-form infrastructure	NONE		dependency_graph_recorded			neutral	The divisor-ideal plus equal-resultant injectivity theorem iterates Satz IV through every ground-ideal stage; no end-to-end pinned result exists.
HENTZELT-NOETHER-1923-SATZ-X	P22	Zur Theorie der Polynomideale und Resultanten	1923	Satz X lines 13405–13417	EE226847656BC4D65EDDA9E9BF9BB1D25797C0C6D672D267D94A97FD88C7AD58	GAP_CANDIDATE	IsCoprime; Submodule.colon; Ideal.inf; Ideal.isCoprime_iff_sup_eq	NONE		dependency_graph_recorded			neutral	Coprime factors and ideal intersections have modern language, but the unique historical ideal factors with prescribed stage norms and their least-common-multiple identity require the missing stage construction.
HENTZELT-NOETHER-1923-SATZ-XI	P22	Zur Theorie der Polynomideale und Resultanten	1923	Satz XI lines 13426–13428	EE226847656BC4D65EDDA9E9BF9BB1D25797C0C6D672D267D94A97FD88C7AD58	FORMALIZED_GAP	IsPrincipalIdealRing; finrank_quotient_span_eq_natDegree; Polynomial.natDegree_mul	PROMOTED_THEOREM	MathematicalCommons.Noether.PolynomialIdealsAndResultants1923.SatzXI.residueIdeal; MathematicalCommons.Noether.PolynomialIdealsAndResultants1923.SatzXI.residueSubspace; MathematicalCommons.Noether.PolynomialIdealsAndResultants1923.SatzXI.residueIdealQuotientEquiv; MathematicalCommons.Noether.PolynomialIdealsAndResultants1923.SatzXI.finrank_residueSubspace_eq_natDegree_sub; MathematicalCommons.Noether.PolynomialIdealsAndResultants1923.SatzXI.multiplyIntoResidue; MathematicalCommons.Noether.PolynomialIdealsAndResultants1923.SatzXI.coe_multiplyIntoResidue; MathematicalCommons.Noether.PolynomialIdealsAndResultants1923.SatzXI.multiplyIntoResidue_surjective; MathematicalCommons.Noether.PolynomialIdealsAndResultants1923.SatzXI.ker_multiplyIntoResidue; MathematicalCommons.Noether.PolynomialIdealsAndResultants1923.SatzXI.quotientMulEquivResidue; MathematicalCommons.Noether.PolynomialIdealsAndResultants1923.SatzXI.quotientMulEquivResidue_mk; MathematicalCommons.Noether.PolynomialIdealsAndResultants1923.SatzXI.displayedBasis; MathematicalCommons.Noether.PolynomialIdealsAndResultants1923.SatzXI.coe_displayedBasis_apply	built_v4.31.0	artifacts/build/MathematicalCommons-Noether-PolynomialIdealsAndResultants1923-SatzXI-20260825T1654276582795-90e47005.module.receipt.json	propext; Classical.choice; Quot.sound	neutral	Promoted the exact residue ideal and subspace, quotient equivalences, rank natDegree h - natDegree f, multiplication map with its kernel, and the displayed basis. The rank theorem assumes h ≠ 0 and h ∈ span {f}; the displayed-basis specialization modulo h₁*f makes f ≠ 0 and h₁ ≠ 0 explicit.
HENTZELT-NOETHER-1923-SUCCESSIVE-DETERMINANTAL-IDEALS	P22	Zur Theorie der Polynomideale und Resultanten	1923	lines 13430–13440	EE226847656BC4D65EDDA9E9BF9BB1D25797C0C6D672D267D94A97FD88C7AD58	GAP_CANDIDATE	Matrix.submatrix; Matrix.det; module-presentation and Fitting-ideal infrastructure	NONE		dependency_graph_recorded			neutral	The chain of determinantal elimination ideals and its independence from the chosen regular polynomial are not available as a pinned source-shaped construction.
HENTZELT-NOETHER-1923-SATZ-XII	P22	Zur Theorie der Polynomideale und Resultanten	1923	Satz XII lines 13443–13445	EE226847656BC4D65EDDA9E9BF9BB1D25797C0C6D672D267D94A97FD88C7AD58	GAP_CANDIDATE	MvPolynomial.zeroLocus; MvPolynomial.vanishingIdeal_zeroLocus_eq_radical; polynomial splitting infrastructure	PROMOTED_SUPPORT	MathematicalCommons.Noether.PolynomialIdealsAndResultants1923.SatzXII.coordinatePolynomial; MathematicalCommons.Noether.PolynomialIdealsAndResultants1923.SatzXII.aeval_coordinatePolynomial; MathematicalCommons.Noether.PolynomialIdealsAndResultants1923.SatzXII.zeroLocus_subset_coordinateRootBox; MathematicalCommons.Noether.PolynomialIdealsAndResultants1923.SatzXII.coordinateRootBox_finite; MathematicalCommons.Noether.PolynomialIdealsAndResultants1923.SatzXII.zeroLocusEmbeddingCoordinateRootBox; MathematicalCommons.Noether.PolynomialIdealsAndResultants1923.SatzXII.zeroLocus_finite_of_coordinatePolynomials; MathematicalCommons.Noether.PolynomialIdealsAndResultants1923.SatzXII.zeroLocus_finite_of_exists_coordinatePolynomial; MathematicalCommons.Noether.PolynomialIdealsAndResultants1923.SatzXII.zeroLocus_eq_empty_iff_eq_top	built_v4.31.0	artifacts/build/MathematicalCommons-Noether-PolynomialIdealsAndResultants1923-SatzXII-20260825T1728308694524-fa5e2a5e.module.receipt.json	propext; Classical.choice; Quot.sound	neutral	Promoted coordinate-polynomial evaluation, coordinate-root-box containment, an explicit injection into the finite product of root sets, two zero-locus finiteness forms, and the algebraically closed corollary zeroLocus = ∅ ↔ I = ⊤. The source's stronger stagewise compatible partial zeros and iff with the first zero determinantal stage remain open.
HENTZELT-NOETHER-1923-GENERIC-SEPARATING-FACTORISATION	P22	Zur Theorie der Polynomideale und Resultanten	1923	lines 13447–13462; equation (35)	EE226847656BC4D65EDDA9E9BF9BB1D25797C0C6D672D267D94A97FD88C7AD58	GAP_CANDIDATE	Polynomial.Splits; Polynomial.roots; MvPolynomial.bind₁	NONE		dependency_graph_recorded			neutral	Splitting APIs do not supply the basis-independent generic linear form that separates compatible tuples or the asserted linear factorization in z and the auxiliary v variables.
HENTZELT-NOETHER-1923-SATZ-XIII	P22	Zur Theorie der Polynomideale und Resultanten	1923	Satz XIII lines 13493–13506; equation (36)	EE226847656BC4D65EDDA9E9BF9BB1D25797C0C6D672D267D94A97FD88C7AD58	GAP_CANDIDATE	Polynomial.Splits; Polynomial.roots; Ideal.Quotient; Module.finrank	NONE		dependency_graph_recorded			neutral	Unique extension of each stage-resultant root, the factor-to-ideal correspondence, and the multiplicity beta_mu gamma_mu as a residue-space dimension all depend on the missing staged elimination bridge.
HENTZELT-NOETHER-1923-CHARZERO-SPECIALIZATION	P22	Zur Theorie der Polynomideale und Resultanten	1923	specialization paragraphs lines 13319 and 13508	EE226847656BC4D65EDDA9E9BF9BB1D25797C0C6D672D267D94A97FD88C7AD58	GAP_CANDIDATE	MvPolynomial.eval; Polynomial.eq_zero_of_infinite_isRoot; finite products; Polynomial.IsPrimitive; Polynomial.primPart	PROMOTED_SUPPORT	MathematicalCommons.Noether.PolynomialIdealsAndResultants1923.RegularitySpecialization.exists_evaluation_ne_zero; MathematicalCommons.Noether.PolynomialIdealsAndResultants1923.RegularitySpecialization.exists_evaluation_preserving_finset; MathematicalCommons.Noether.PolynomialIdealsAndResultants1923.RegularitySpecialization.exists_evaluation_preserving_fintype; MathematicalCommons.Noether.PolynomialIdealsAndResultants1923.RegularitySpecialization.exists_evaluation_preserving_fintype_charZero; MathematicalCommons.Noether.PolynomialIdealsAndResultants1923.RegularitySpecialization.isRegularInDegree_map_of_coefficient_ne_zero; MathematicalCommons.Noether.PolynomialIdealsAndResultants1923.RegularitySpecialization.exists_evaluation_preserving_regularity_fintype; MathematicalCommons.Noether.PolynomialIdealsAndResultants1923.RegularitySpecialization.exists_evaluation_preserving_regularity_fintype_charZero	built_v4.31.0	artifacts/build/MathematicalCommons-Noether-PolynomialIdealsAndResultants1923-RegularitySpecialization-20260825T2235544405991-6ed747de.module.receipt.json	propext; Classical.choice; Quot.sound	neutral	Promoted simultaneous nonvanishing for finite parameter-polynomial families and the resulting characteristic-zero preservation of supplied regularity witnesses. This is the finite-avoidance core only: denominator choices for rational coefficients, construction and nonvanishing of every C^(i), preservation of gcd/primitive normalization, and the specialized resultant factorization remain open.
NOETH-1923-ADI-LINEAR-COORDINATE-ACTION	P23	Algebraische und Differentialinvarianten	1923	lines 13554–13557; equation (1)	EE226847656BC4D65EDDA9E9BF9BB1D25797C0C6D672D267D94A97FD88C7AD58	MATHLIB_MODERN_FORM	Matrix.GeneralLinearGroup; LinearEquiv; MvPolynomial.rename	NONE		audit_complete_no_local_code			historical_terminology_recorded	A change of variables should be an element of GL or use a localized determinant; over a general ring det != 0 alone is not invertibility.
NOETH-1923-ADI-INDUCED-COEFFICIENT-ACTION	P23	Algebraische und Differentialinvarianten	1923	lines 13557–13569; equation (2)	EE226847656BC4D65EDDA9E9BF9BB1D25797C0C6D672D267D94A97FD88C7AD58	NEW_PACKAGING	Representation; MvPolynomial; symmetric-power and tensor infrastructure	NONE		formalization_target_identified			neutral	The source-shaped action on coefficient tensors of forms of degrees alpha, beta, ... and its polynomial dependence on matrix entries need reusable packaging.
NOETH-1923-ADI-RELATIVE-INVARIANT-DEFINITION	P23	Algebraische und Differentialinvarianten	1923	lines 13570–13572; equation (3)	EE226847656BC4D65EDDA9E9BF9BB1D25797C0C6D672D267D94A97FD88C7AD58	GAP_CANDIDATE	Representation; invariant submodule infrastructure; Matrix.det	NONE		formalization_target_identified			neutral	A determinant-character semi-invariant of integer weight rho needs a definition spanning coefficient and covariant variable actions.
NOETH-1923-ADI-COEFFICIENT-DESCENT	P23	Algebraische und Differentialinvarianten	1923	line 13573	EE226847656BC4D65EDDA9E9BF9BB1D25797C0C6D672D267D94A97FD88C7AD58	GAP_CANDIDATE	scalar restriction and scalar extension for polynomial representations	NONE		dependency_graph_recorded			neutral	The claim that number-field coefficient invariants are finite linear combinations of rational or integral ones needs a precise descent statement and base-field hypotheses.
NOETH-1923-ADI-MULTIHOMOGENEOUS-DECOMPOSITION	P23	Algebraische und Differentialinvarianten	1923	line 13573	EE226847656BC4D65EDDA9E9BF9BB1D25797C0C6D672D267D94A97FD88C7AD58	MATHLIB_MODERN_FORM	graded and multigraded polynomial decomposition infrastructure	NONE		audit_complete_no_local_code			neutral	Modern grading APIs cover homogeneous components; a wrapper must show that each component in every coefficient row retains the same semi-invariant law.
NOETH-1923-ADI-OSTROWSKI-SCHUR-CHARACTERIZATION	P23	Algebraische und Differentialinvarianten	1923	line 13575	EE226847656BC4D65EDDA9E9BF9BB1D25797C0C6D672D267D94A97FD88C7AD58	BLOCKED_SOURCE	linear stabilizer and polynomial representation infrastructure only	NONE		qualified_restatement_required			review_statement_scope	The report says one coefficient-only invariant characterizes induced transformations apart from unspecified exceptions; those exceptions and quantifiers are not supplied.
NOETH-1923-ADI-INVARIANT-PRODUCT	P23	Algebraische und Differentialinvarianten	1923	line 13577	EE226847656BC4D65EDDA9E9BF9BB1D25797C0C6D672D267D94A97FD88C7AD58	NEW_PACKAGING	MonoidHom; Matrix.det; graded multiplication	NONE		formalization_target_identified			neutral	The product of determinant-weight semi-invariants has the sum of their weights; this is immediate after the semi-invariant definition is installed.
NOETH-1923-ADI-SAME-WEIGHT-SUM	P23	Algebraische und Differentialinvarianten	1923	line 13577	EE226847656BC4D65EDDA9E9BF9BB1D25797C0C6D672D267D94A97FD88C7AD58	NEW_PACKAGING	invariant submodules and additive closure	NONE		formalization_target_identified			neutral	Addition preserves the semi-invariant equation exactly for a common determinant weight; the converse needs the grading and nonzero-component convention.
NOETH-1923-ADI-SL-INVARIANT-DOMAIN	P23	Algebraische und Differentialinvarianten	1923	line 13577	EE226847656BC4D65EDDA9E9BF9BB1D25797C0C6D672D267D94A97FD88C7AD58	GAP_CANDIDATE	Matrix.SpecialLinearGroup; invariant subring; graded ring infrastructure	NONE		dependency_graph_recorded			neutral	Restriction sends every GL semi-invariant to an SL invariant; exhaustion of SL invariants by determinant-weight spaces requires the intended representation and characteristic hypotheses.
NOETH-1923-ADI-FINITE-INTEGRITY-BASIS-DEFINITION	P23	Algebraische und Differentialinvarianten	1923	line 13579	EE226847656BC4D65EDDA9E9BF9BB1D25797C0C6D672D267D94A97FD88C7AD58	MATHLIB_MODERN_FORM	Algebra.FiniteType; Algebra.adjoin	NONE		audit_complete_no_local_code			historical_terminology_recorded	Endlicher Integritätsbereich means a finitely generated algebra/domain, not a finite-cardinality ring; the displayed basis is an Algebra.FiniteType generating family.
NOETH-1923-ADI-NUMBER-IDEAL-DEFINITION	P23	Algebraische und Differentialinvarianten	1923	lines 13581–13585	EE226847656BC4D65EDDA9E9BF9BB1D25797C0C6D672D267D94A97FD88C7AD58	MATHLIB_EXACT	Ideal	NONE		audit_complete_no_local_code			historical_terminology_recorded	The three historical clauses omit an explicit zero/nonempty clause; use Mathlib's Ideal rather than a possibly empty literal predicate.
NOETH-1923-ADI-NUMBER-IDEAL-FINITE-BASIS	P23	Algebraische und Differentialinvarianten	1923	line 13585	EE226847656BC4D65EDDA9E9BF9BB1D25797C0C6D672D267D94A97FD88C7AD58	MATHLIB_EXACT	Ideal.fg_of_isNoetherianRing; IsNoetherianRing; IsDedekindDomain	NONE		audit_complete_no_local_code			neutral	Modern number-ring Noetherian/Dedekind instances give finite generation; the historical two-generator refinement is explicitly not used.
NOETH-1923-ADI-IDEAL-ARBITRARY-DOMAIN	P23	Algebraische und Differentialinvarianten	1923	line 13587	EE226847656BC4D65EDDA9E9BF9BB1D25797C0C6D672D267D94A97FD88C7AD58	MATHLIB_EXACT	Ideal	NONE		audit_complete_no_local_code			neutral	The ideal definition extends beyond rings of integers to arbitrary commutative rings; the source says domains, which is a safe specialization.
NOETH-1923-ADI-HILBERT-THEOREM-I-IDEAL-BASIS	P23	Algebraische und Differentialinvarianten	1923	line 13590	EE226847656BC4D65EDDA9E9BF9BB1D25797C0C6D672D267D94A97FD88C7AD58	MATHLIB_EXACT	Polynomial.isNoetherianRing; MvPolynomial.isNoetherianRing; Ideal.fg_of_isNoetherianRing	NONE		audit_complete_no_local_code			historical_terminology_recorded	Rationalitätsbereich should be formalized as the appropriate field or Noetherian coefficient ring, not automatically as Q.
NOETH-1923-ADI-HILBERT-THEOREM-I-ARBITRARY-SYSTEM	P23	Algebraische und Differentialinvarianten	1923	line 13590	EE226847656BC4D65EDDA9E9BF9BB1D25797C0C6D672D267D94A97FD88C7AD58	NEW_PACKAGING	Ideal.span; Ideal.fg_of_isNoetherianRing	NONE		formalization_target_identified			neutral	An arbitrary polynomial system generates an ideal with a finite generating subset; this is a short wrapper around Ideal.span in a Noetherian polynomial ring.
NOETH-1923-ADI-HILBERT-THEOREM-II	P23	Algebraische und Differentialinvarianten	1923	line 13591	EE226847656BC4D65EDDA9E9BF9BB1D25797C0C6D672D267D94A97FD88C7AD58	GAP_CANDIDATE	Algebra.FiniteType; IsNoetherianRing; graded subalgebra infrastructure	NONE		dependency_graph_recorded			historical_terminology_recorded	The equivalence between finite algebra generation and the ideal-basis property for a homogeneous polynomial subdomain needs a source-specific graded-subalgebra theorem; finite means finitely generated.
NOETH-1923-ADI-HILBERT-THEOREM-III	P23	Algebraische und Differentialinvarianten	1923	lines 13592–13598	EE226847656BC4D65EDDA9E9BF9BB1D25797C0C6D672D267D94A97FD88C7AD58	GAP_CANDIDATE	GroupAlgebra.average; Representation.averageMap_invariant; AddMonoidHom.map_sum; invariant subring infrastructure	PROMOTED_SUPPORT	MathematicalCommons.Noether.AlgebraicDifferentialInvariants1923.map_sum_mul_of_map_mul; MathematicalCommons.Noether.AlgebraicDifferentialInvariants1923.replace_coefficients_by_retraction; MathematicalCommons.Noether.AlgebraicDifferentialInvariants1923.exists_invariant_coefficients_of_retraction	built_v4.31.0	artifacts/build/MathematicalCommons-Noether-AlgebraicDifferentialInvariants1923-20260825T0400290494887-4afb1564.module.receipt.json	propext; Quot.sound	neutral	Promoted the exact coefficient-replacement core under an additive retraction fixing invariants, landing in invariants, and commuting with invariant right factors. Construction of Hilbert/Fischer's Omega or Reynolds operator for GL, including reductivity and characteristic hypotheses, remains open.
NOETH-1923-ADI-MODULE-LINEAR-FORMS-FINITENESS	P23	Algebraische und Differentialinvarianten	1923	line 13600	EE226847656BC4D65EDDA9E9BF9BB1D25797C0C6D672D267D94A97FD88C7AD58	MATHLIB_MODERN_FORM	Module.Finite; Submodule.fg_of_isNoetherian; IsNoetherianModule	NONE		audit_complete_no_local_code			neutral	The common module-from-linear-forms theorem is reported as the arithmetic core of finite ideal bases; a literal historical formulation is not given in this survey.
NOETH-1923-ADI-FINITE-POLYNOMIAL-DOMAIN-IDEAL-BASIS	P23	Algebraische und Differentialinvarianten	1923	line 13600	EE226847656BC4D65EDDA9E9BF9BB1D25797C0C6D672D267D94A97FD88C7AD58	MATHLIB_MODERN_FORM	Algebra.FiniteType; isNoetherian_of_fg; Ideal.fg_of_isNoetherianRing	NONE		audit_complete_no_local_code			historical_terminology_recorded	A finitely generated polynomial subalgebra is Noetherian under the appropriate coefficient hypotheses; endlicher again means finitely generated, not finite-cardinality.
NOETH-1923-ADI-THEOREM-IV-INTEGRAL-FINITE-TYPE-IFF	P23	Algebraische und Differentialinvarianten	1923	line 13603	EE226847656BC4D65EDDA9E9BF9BB1D25797C0C6D672D267D94A97FD88C7AD58	BLOCKED_SOURCE	Algebra.FiniteType; Algebra.IsIntegral; Module.Finite; Algebra.Finite	NONE		qualified_restatement_required			review_statement_scope	The converse is false for a bare integral extension without finite-type or module-finite hypotheses; the polynomial-subdomain and rational-basis assumptions compressed by the source must be reconstructed.
NOETH-1923-ADI-THEOREM-IV-BASIS-COMPLETION	P23	Algebraische und Differentialinvarianten	1923	line 13603	EE226847656BC4D65EDDA9E9BF9BB1D25797C0C6D672D267D94A97FD88C7AD58	GAP_CANDIDATE	Algebra.adjoin; Algebra.IsIntegral; Module.Finite	NONE		dependency_graph_recorded			neutral	Extending generators of the finite subalgebra by a finite fundamental system of integral elements requires the missing finiteness hypotheses from theorem IV.
NOETH-1923-ADI-NULLCONE-FINITE-DEFINING-FAMILY	P23	Algebraische und Differentialinvarianten	1923	line 13604	EE226847656BC4D65EDDA9E9BF9BB1D25797C0C6D672D267D94A97FD88C7AD58	GAP_CANDIDATE	Ideal.fg_of_isNoetherianRing; MvPolynomial.zeroLocus; invariant subring infrastructure	NONE		dependency_graph_recorded			neutral	The claim that finitely many invariants have the same common zero set as all invariants needs the strengthened invariant-ideal theorem and zero-locus semantics.
NOETH-1923-ADI-THEOREM-V-UNIFORM-EXPONENT	P23	Algebraische und Differentialinvarianten	1923	lines 13604–13606; theorem 5	EE226847656BC4D65EDDA9E9BF9BB1D25797C0C6D672D267D94A97FD88C7AD58	NEW_PACKAGING	Ideal.radical; Ideal.exists_radical_pow_le_of_fg; Ideal.pow_le_pow_right; MvPolynomial.vanishingIdeal_zeroLocus_eq_radical	PROMOTED_THEOREM	MathematicalCommons.Noether.AlgebraicDifferentialInvariants1923.exists_uniformExponent_of_le_radical; MathematicalCommons.Noether.AlgebraicDifferentialInvariants1923.exists_uniformExponent_of_vanishingOn_zeroLocus	built_v4.31.0	artifacts/build/MathematicalCommons-Noether-AlgebraicDifferentialInvariants1923-20260825T0400290494887-4afb1564.module.receipt.json	propext; Classical.choice; Quot.sound	historical_terminology_recorded	One positive exponent is chosen from a before every b; the zero-locus form uses finite variables over a field and zeros in an algebraically closed extension. This is not Hentzelt's later effective bound.
NOETH-1923-ADI-INVARIANT-NULLCONE-DEGREE-BOUND	P23	Algebraische und Differentialinvarianten	1923	line 13607	EE226847656BC4D65EDDA9E9BF9BB1D25797C0C6D672D267D94A97FD88C7AD58	GAP_CANDIDATE	graded polynomial and finite-generation infrastructure only	NONE		dependency_graph_recorded			neutral	The degree and cardinality bounds for nullcone-defining invariants depend only on degrees of the ground forms and require effective geometric invariant theory.
NOETH-1923-ADI-DETERMINANT-INTEGRAL-CRITERION	P23	Algebraische und Differentialinvarianten	1923	line 13607	EE226847656BC4D65EDDA9E9BF9BB1D25797C0C6D672D267D94A97FD88C7AD58	GAP_CANDIDATE	Algebra.IsIntegral; Matrix.det; invariant-action infrastructure	NONE		dependency_graph_recorded			review_statement_scope	The numerical nullcone criterion says a nonzero invariant exists iff the substitution determinant is integral over transformed coefficients; its specialization and localization hypotheses are compressed.
NOETH-1923-ADI-HENTZELT-EXPONENT-BOUND	P23	Algebraische und Differentialinvarianten	1923	line 13609	EE226847656BC4D65EDDA9E9BF9BB1D25797C0C6D672D267D94A97FD88C7AD58	DEFERRED_INFRASTRUCTURE	effective polynomial ideal and degree-bound infrastructure only	NONE		dependency_graph_recorded			neutral	The report supplies no formula; Hentzelt's separate manuscript is needed for the computable coefficient-independent bound in terms of number and maximum degree of generators.
NOETH-1923-ADI-HENTZELT-INVARIANT-DEGREE-BOUND	P23	Algebraische und Differentialinvarianten	1923	line 13609	EE226847656BC4D65EDDA9E9BF9BB1D25797C0C6D672D267D94A97FD88C7AD58	DEFERRED_INFRASTRUCTURE	effective invariant-theory infrastructure only	NONE		dependency_graph_recorded			neutral	The resulting computable bound on degrees in an invariant basis depends on both the missing Hentzelt exponent bound and the invariant nullcone degree argument.
NOETH-1923-ADI-SUBGROUP-SIMULTANEOUS-REDUCTION	P23	Algebraische und Differentialinvarianten	1923	line 13611	EE226847656BC4D65EDDA9E9BF9BB1D25797C0C6D672D267D94A97FD88C7AD58	BLOCKED_SOURCE	restriction and induced-representation infrastructure only	NONE		qualified_restatement_required			review_statement_scope	The survey bundles orthogonal, motion, affine, semi-invariant, and translation cases and explicitly says the method's general reach is unresolved; individual source papers must supply hypotheses.
NOETH-1923-ADI-FISCHER-SUBGROUP-FINITENESS	P23	Algebraische und Differentialinvarianten	1923	line 13611	EE226847656BC4D65EDDA9E9BF9BB1D25797C0C6D672D267D94A97FD88C7AD58	BLOCKED_SOURCE	invariant-subring and dual-representation infrastructure only	NONE		qualified_restatement_required			review_statement_scope	The range of subgroups handled by Fischer's contragredient/conjugate argument is not specified in this passage; only the orthogonal example is named.
NOETH-1923-ADI-SEMIINVARIANT-SHARP-IDEAL-FAILURE	P23	Algebraische und Differentialinvarianten	1923	line 13611	EE226847656BC4D65EDDA9E9BF9BB1D25797C0C6D672D267D94A97FD88C7AD58	GAP_CANDIDATE	semi-invariant and invariant-ideal infrastructure only	NONE		dependency_graph_recorded			neutral	A counterexample is asserted showing finite generation for a subgroup need not imply Hilbert theorem III's strengthened coefficient property; the example is not developed in the survey.
NOETH-1923-ADI-RELATIVELY-INTEGRAL-FUNCTION-PROBLEM	P23	Algebraische und Differentialinvarianten	1923	line 13613	EE226847656BC4D65EDDA9E9BF9BB1D25797C0C6D672D267D94A97FD88C7AD58	BLOCKED_SOURCE	Algebra.FiniteType; subalgebra and fraction-field infrastructure	NONE		blocked_source_statement			historical_open_problem_recorded	This is the historical Hilbert-fourteenth-problem question, open in 1923 and false in full generality; it must not be encoded as a theorem for arbitrary subrings.
NOETH-1923-ADI-FINITE-GROUP-RESOLVENT-BASIS	P23	Algebraische und Differentialinvarianten	1923	line 13613	EE226847656BC4D65EDDA9E9BF9BB1D25797C0C6D672D267D94A97FD88C7AD58	GAP_CANDIDATE	Algebra.IsInvariant.isIntegral; finite group actions; orbit-product infrastructure	NONE		dependency_graph_recorded			neutral	Modern integrality of a finite-group invariant extension is substrate; the explicit Galois-resolvent coefficients and proof that they generate the invariant algebra remain to be packaged.
NOETH-1923-ADI-INTEGER-POLYNOMIAL-HILBERT-BASIS	P23	Algebraische und Differentialinvarianten	1923	line 13615	EE226847656BC4D65EDDA9E9BF9BB1D25797C0C6D672D267D94A97FD88C7AD58	MATHLIB_EXACT	MvPolynomial.isNoetherianRing; Polynomial.isNoetherianRing; Ideal.fg_of_isNoetherianRing	NONE		audit_complete_no_local_code			neutral	The Hilbert basis theorem applies over the integers because the coefficient ring is Noetherian.
NOETH-1923-ADI-INTEGER-THEOREM-II	P23	Algebraische und Differentialinvarianten	1923	line 13615	EE226847656BC4D65EDDA9E9BF9BB1D25797C0C6D672D267D94A97FD88C7AD58	GAP_CANDIDATE	Algebra.FiniteType; graded subalgebra; integer Noetherian polynomial infrastructure	NONE		dependency_graph_recorded			neutral	The integral-coefficient persistence of the homogeneous ideal-basis/finite-generation equivalence needs the same source-shaped theorem II package over Z.
NOETH-1923-ADI-FINITE-ALGEBRA-IDEAL-DECOMPOSITION	P23	Algebraische und Differentialinvarianten	1923	line 13615 footnote	EE226847656BC4D65EDDA9E9BF9BB1D25797C0C6D672D267D94A97FD88C7AD58	GAP_CANDIDATE	Ideal.IsPrimary and Noetherian ideal infrastructure only	NONE		dependency_graph_recorded			historical_terminology_recorded	The footnote says general ideal-theory decomposition applies to finitely generated algebras; pinned Mathlib lacks the full primary-decomposition package, and finite again means finite type.
NOETH-1923-ADI-BINARY-INTEGRAL-INVARIANT-FINITENESS	P23	Algebraische und Differentialinvarianten	1923	line 13615	EE226847656BC4D65EDDA9E9BF9BB1D25797C0C6D672D267D94A97FD88C7AD58	GAP_CANDIDATE	integer polynomial Noetherianity; bracket and finite-generation substrate only	NONE		dependency_graph_recorded			neutral	This cites Noether's 1919 theorem; the linear-factor and integral bracket-relation argument remains outside pinned Mathlib.
NOETH-1923-ADI-FINITE-GROUP-INTEGRAL-INVARIANT-FINITENESS	P23	Algebraische und Differentialinvarianten	1923	line 13615	EE226847656BC4D65EDDA9E9BF9BB1D25797C0C6D672D267D94A97FD88C7AD58	MATHLIB_MODERN_FORM	Algebra.IsInvariant.isIntegral; Algebra.FiniteType; finite group action infrastructure	NONE		audit_complete_no_local_code			neutral	Integrality and finite-type constituents exist in modern form; the source's integral polynomial specialization and existence-only proof need packaging.
NOETH-1923-ADI-COORDINATE-JET-ACTION	P23	Algebraische und Differentialinvarianten	1923	lines 13617–13620; equation (4)	EE226847656BC4D65EDDA9E9BF9BB1D25797C0C6D672D267D94A97FD88C7AD58	DEFERRED_INFRASTRUCTURE	ContDiff; fderiv; iterated derivative and chain-rule infrastructure only	NONE		dependency_graph_recorded			neutral	Needs finite-order jet coordinates and the triangular Faà di Bruno action of coordinate changes on higher differentials.
NOETH-1923-ADI-COEFFICIENT-JET-ACTION	P23	Algebraische und Differentialinvarianten	1923	lines 13621–13630; equation (5)	EE226847656BC4D65EDDA9E9BF9BB1D25797C0C6D672D267D94A97FD88C7AD58	DEFERRED_INFRASTRUCTURE	polynomial representation and iterated derivative infrastructure only	NONE		dependency_graph_recorded			neutral	A formal theorem must construct the induced triangular action A_0, A_1, A_2, ... on coefficient jets of a homogeneous differential form.
NOETH-1923-ADI-FORMAL-JET-INDEPENDENCE	P23	Algebraische und Differentialinvarianten	1923	lines 13631–13636	EE226847656BC4D65EDDA9E9BF9BB1D25797C0C6D672D267D94A97FD88C7AD58	DEFERRED_INFRASTRUCTURE	MvPolynomial and jet-variable infrastructure only	NONE		dependency_graph_recorded			neutral	The source first treats coefficients, derivatives, coordinate differentials, and transformation derivatives as algebraically independent indeterminates; a jet polynomial ring must encode their sorts and symmetries.
NOETH-1923-ADI-SPECIALIZATION-REGULARITY	P23	Algebraische und Differentialinvarianten	1923	lines 13635–13636	EE226847656BC4D65EDDA9E9BF9BB1D25797C0C6D672D267D94A97FD88C7AD58	MATHLIB_MODERN_FORM	LocalEquiv; ContDiffLocalEquiv; inverse-function infrastructure	NONE		audit_complete_no_local_code			neutral	Applying the formal theory to functions requires local invertibility and enough derivatives; modern local-diffeomorphism vocabulary exists, but no bridge to the proposed formal jet model does.
NOETH-1923-ADI-DIFFERENTIAL-TO-ALGEBRAIC-REDUCTION-PROBLEM	P23	Algebraische und Differentialinvarianten	1923	line 13638	EE226847656BC4D65EDDA9E9BF9BB1D25797C0C6D672D267D94A97FD88C7AD58	DEFERRED_INFRASTRUCTURE	jet group actions and induced representation infrastructure only	NONE		dependency_graph_recorded			neutral	The question asks whether adding new arguments reduces transformations (4)–(5) to GL and its induced coefficient actions; it becomes a theorem only through the constructions that follow.
NOETH-1923-ADI-LAGRANGE-POLAR-REPLACEMENT	P23	Algebraische und Differentialinvarianten	1923	line 13640	EE226847656BC4D65EDDA9E9BF9BB1D25797C0C6D672D267D94A97FD88C7AD58	DEFERRED_INFRASTRUCTURE	Euler-operator, polarization, and jet infrastructure only	NONE		dependency_graph_recorded			neutral	Replacing higher differentials by Euler expressions and their polarizations needs the formal variational calculus audited in P21 and a proof that all new rows transform cogrediently.
NOETH-1923-ADI-HIGHER-VARIATION-COEFFICIENT-REPLACEMENT	P23	Algebraische und Differentialinvarianten	1923	lines 13640–13643	EE226847656BC4D65EDDA9E9BF9BB1D25797C0C6D672D267D94A97FD88C7AD58	DEFERRED_INFRASTRUCTURE	higher derivative, variation, curvature, and covariant-derivative infrastructure only	NONE		dependency_graph_recorded			neutral	Replacing coefficient derivatives by coefficients of higher-variation normal forms and their covariant derivatives requires an inductive higher-variation elimination algebra.
NOETH-1923-ADI-OMEGA-ALGEBRAIC-TRANSFORMATION	P23	Algebraische und Differentialinvarianten	1923	lines 13642–13644	EE226847656BC4D65EDDA9E9BF9BB1D25797C0C6D672D267D94A97FD88C7AD58	GAP_CANDIDATE	Representation and invariant-tensor infrastructure only	NONE		dependency_graph_recorded			neutral	Once the Omega forms exist, their invariance and dependence only on first differential rows should imply that their coefficients obey algebraically induced GL transformations.
NOETH-1923-ADI-DIFFERENTIAL-REDUCTION-THEOREM	P23	Algebraische und Differentialinvarianten	1923	line 13644	EE226847656BC4D65EDDA9E9BF9BB1D25797C0C6D672D267D94A97FD88C7AD58	DEFERRED_INFRASTRUCTURE	no jet-level reduction theorem identified	NONE		dependency_graph_recorded			neutral	The headline reduction of differential invariant theory to algebraic invariant theory needs typed finite-order jets, the replacement equivalence, regularity hypotheses, and an invariant-ring comparison.
NOETH-1923-ADI-OMEGA-SERIES-TERMINATION	P23	Algebraische und Differentialinvarianten	1923	line 13646	EE226847656BC4D65EDDA9E9BF9BB1D25797C0C6D672D267D94A97FD88C7AD58	GAP_CANDIDATE	graded polynomial degree and higher-variation infrastructure only	NONE		dependency_graph_recorded			neutral	For a degree-alpha homogeneous differential form the series is claimed to stop at Omega_alpha; this should become a graded-degree lemma after Omega_i is defined.
NOETH-1923-ADI-OMEGA-TWO-RIEMANN-CURVATURE	P23	Algebraische und Differentialinvarianten	1923	line 13646	EE226847656BC4D65EDDA9E9BF9BB1D25797C0C6D672D267D94A97FD88C7AD58	GAP_CANDIDATE	curvature and covariant-derivative infrastructure only	NONE		dependency_graph_recorded			neutral	Identifying Omega_2 for quadratic forms with the Riemann curvature form requires the P21 coordinate construction and a coordinate-to-abstract curvature theorem.
NOETH-1923-ADI-NORMAL-COORDINATE-REDUCTION	P23	Algebraische und Differentialinvarianten	1923	line 13646	EE226847656BC4D65EDDA9E9BF9BB1D25797C0C6D672D267D94A97FD88C7AD58	DEFERRED_INFRASTRUCTURE	smooth-manifold, exponential-map, and connection infrastructure only	NONE		dependency_graph_recorded			neutral	The proof sketch needs Riemann normal-coordinate existence and a theorem that arbitrary coordinate changes induce linear transformations of the normal-coordinate jets at the base point.
NOETH-1923-ADI-CONNECTION-INDUCED-GROUP	P23	Algebraische und Differentialinvarianten	1923	line 13648	EE226847656BC4D65EDDA9E9BF9BB1D25797C0C6D672D267D94A97FD88C7AD58	GAP_CANDIDATE	connection and polynomial transformation-law infrastructure only	NONE		dependency_graph_recorded			neutral	The source defines a transformation group by requiring expressions psi_i(d delta x, dx, delta x) to transform cogrediently; a modern structure must state the coefficient representation and linear-in-dx restriction.
NOETH-1923-ADI-CONNECTION-REDUCTION-OPEN	P23	Algebraische und Differentialinvarianten	1923	line 13648	EE226847656BC4D65EDDA9E9BF9BB1D25797C0C6D672D267D94A97FD88C7AD58	BLOCKED_SOURCE	connection and invariant-theory infrastructure only	NONE		blocked_source_statement			historical_open_problem_recorded	The source explicitly asks whether a general reduction theorem exists for a connection not arising from a variational problem and says no general approach was known.
NOETH-1923-ADI-WEITZENBOCK-LOW-ORDER-REDUCTION	P23	Algebraische und Differentialinvarianten	1923	line 13648	EE226847656BC4D65EDDA9E9BF9BB1D25797C0C6D672D267D94A97FD88C7AD58	BLOCKED_SOURCE	connection and low-order invariant infrastructure only	NONE		qualified_restatement_required			review_statement_scope	The survey reports computational confirmation only for lowest-order invariants in Weyl's case; the orders, formulas, and hypotheses must come from Weitzenböck's cited papers.
HENTZELT-NOETHER-1923-EQUATIONS-22-23	P22	Zur Theorie der Polynomideale und Resultanten	1923	equations (22)–(23), Satz VII lines 13141–13160	EE226847656BC4D65EDDA9E9BF9BB1D25797C0C6D672D267D94A97FD88C7AD58	FORMALIZED_GAP	Polynomial.degreeLT; Polynomial.degreeLTEquiv; Polynomial.mem_degreeLT; Ideal.restrictScalars; Ideal.span; Submodule.disjoint_def; Polynomial.eq_zero_of_dvd_of_degree_lt	PROMOTED_THEOREM	MathematicalCommons.Noether.PolynomialIdealsAndResultants1923.RegularIdealDecomposition.boundedPart; MathematicalCommons.Noether.PolynomialIdealsAndResultants1923.RegularIdealDecomposition.principalTail; MathematicalCommons.Noether.PolynomialIdealsAndResultants1923.RegularIdealDecomposition.regularRemainder_mem_ideal; MathematicalCommons.Noether.PolynomialIdealsAndResultants1923.RegularIdealDecomposition.regularRemainder_mem_boundedPart; MathematicalCommons.Noether.PolynomialIdealsAndResultants1923.RegularIdealDecomposition.regularCoefficientVector; MathematicalCommons.Noether.PolynomialIdealsAndResultants1923.RegularIdealDecomposition.regularRemainder_eq_sum_monomial; MathematicalCommons.Noether.PolynomialIdealsAndResultants1923.RegularIdealDecomposition.finSuccEquiv_eq_sum_monomial_add_mul_regularQuotient; MathematicalCommons.Noether.PolynomialIdealsAndResultants1923.RegularIdealDecomposition.regularIdeal_eq_boundedPart_sup_principalTail; MathematicalCommons.Noether.PolynomialIdealsAndResultants1923.RegularIdealDecomposition.monicPrincipalTail; MathematicalCommons.Noether.PolynomialIdealsAndResultants1923.RegularIdealDecomposition.principalTail_eq_monicPrincipalTail; MathematicalCommons.Noether.PolynomialIdealsAndResultants1923.RegularIdealDecomposition.boundedPart_disjoint_principalTail; MathematicalCommons.Noether.PolynomialIdealsAndResultants1923.RegularIdealDecomposition.boundedPart_inf_principalTail_eq_bot; MathematicalCommons.Noether.PolynomialIdealsAndResultants1923.RegularIdealDecomposition.regularIdeal_eq_internal_sup	built_v4.31.0	artifacts/build/claim-P22-equations-22-23-20260826T0128334961800-2e82e4f7.json	propext; Classical.choice; Quot.sound	neutral	Promoted exact equations (22)–(23) for a supplied degree-k polynomial regular in x₁: finite remainder coefficient vectors, containing-ideal decomposition into bounded part plus the principal tail, equality with the monic tail, and zero intersection/internal sum. FirstGroundPairedQuotient gives the actual cutoff-one ideal quotient; FirstLinearFormModules supplies its source-modeled ξ/ζ coordinate realization and quotient chain. Line 13162's exact ground-module saturation and unlocalized full-rank consequences are promoted separately. Later C^(i), historical instantiation of equation (24), the full infinite-tail elementary-divisor statement, primitive stage resultants, and auxiliary-choice independence remain open.
HENTZELT-NOETHER-1923-GENERIC-REGULARITY-SCAFFOLD	P22	Zur Theorie der Polynomideale und Resultanten	1923	equation (12), Definition IV and lines 13004–13039	EE226847656BC4D65EDDA9E9BF9BB1D25797C0C6D672D267D94A97FD88C7AD58	FORMALIZED_GAP	MvPolynomial.IsHomogeneous.eval₂; MvPolynomial.IsHomogeneous.map; MvPolynomial.IsHomogeneous.totalDegree; MvPolynomial.eval₂AlgHom; MvPolynomial.algHom_ext; Finsupp.single_left_injective	PROMOTED_THEOREM	MathematicalCommons.Noether.PolynomialIdealsAndResultants1923.GenericRegularity.lowerImage_isHomogeneous; MathematicalCommons.Noether.PolynomialIdealsAndResultants1923.GenericRegularity.lowerUnitriangularEquiv_isHomogeneous; MathematicalCommons.Noether.PolynomialIdealsAndResultants1923.GenericRegularity.regularity_of_homogeneous; MathematicalCommons.Noether.PolynomialIdealsAndResultants1923.GenericRegularity.ParameterField; MathematicalCommons.Noether.PolynomialIdealsAndResultants1923.GenericRegularity.independentGenericTransform; MathematicalCommons.Noether.PolynomialIdealsAndResultants1923.GenericRegularity.independentGenericTransform_isHomogeneous; MathematicalCommons.Noether.PolynomialIdealsAndResultants1923.GenericRegularity.independentGenericLeadingCoefficient; MathematicalCommons.Noether.PolynomialIdealsAndResultants1923.GenericRegularity.independentGenericTransform_isRegularInDegree_of_leadingCoefficient_ne_zero; MathematicalCommons.Noether.PolynomialIdealsAndResultants1923.GenericRegularity.firstDehomogenization; MathematicalCommons.Noether.PolynomialIdealsAndResultants1923.GenericRegularity.eval_firstAxis_eq_purePowerCoefficient; MathematicalCommons.Noether.PolynomialIdealsAndResultants1923.GenericRegularity.firstDehomogenization_ne_zero; MathematicalCommons.Noether.PolynomialIdealsAndResultants1923.GenericRegularity.firstColumnParameter; MathematicalCommons.Noether.PolynomialIdealsAndResultants1923.GenericRegularity.firstColumnParameter_injective; MathematicalCommons.Noether.PolynomialIdealsAndResultants1923.GenericRegularity.firstColumnValue; MathematicalCommons.Noether.PolynomialIdealsAndResultants1923.GenericRegularity.firstColumnValue_algebraicIndependent; MathematicalCommons.Noether.PolynomialIdealsAndResultants1923.GenericRegularity.eval_firstAxis_lowerImage; MathematicalCommons.Noether.PolynomialIdealsAndResultants1923.GenericRegularity.eval_firstAxis_independentGenericTransform; MathematicalCommons.Noether.PolynomialIdealsAndResultants1923.GenericRegularity.aeval_firstDehomogenization; MathematicalCommons.Noether.PolynomialIdealsAndResultants1923.GenericRegularity.independentGenericLeadingCoefficient_eq_aeval_firstDehomogenization; MathematicalCommons.Noether.PolynomialIdealsAndResultants1923.GenericRegularity.independentGenericLeadingCoefficient_ne_zero; MathematicalCommons.Noether.PolynomialIdealsAndResultants1923.GenericRegularity.independentGenericTransform_isRegularInDegree; MathematicalCommons.Noether.PolynomialIdealsAndResultants1923.GenericRegularity.topHomogeneousComponent; MathematicalCommons.Noether.PolynomialIdealsAndResultants1923.GenericRegularity.topHomogeneousComponent_isHomogeneous; MathematicalCommons.Noether.PolynomialIdealsAndResultants1923.GenericRegularity.topHomogeneousComponent_ne_zero; MathematicalCommons.Noether.PolynomialIdealsAndResultants1923.GenericRegularity.homogeneousComponent_totalDegree_eq_top; MathematicalCommons.Noether.PolynomialIdealsAndResultants1923.GenericRegularity.independentGenericTransform_totalDegree_le; MathematicalCommons.Noether.PolynomialIdealsAndResultants1923.GenericRegularity.independentGenericLeadingCoefficient_eq_topHomogeneousComponent; MathematicalCommons.Noether.PolynomialIdealsAndResultants1923.GenericRegularity.independentGenericLeadingCoefficient_totalDegree_ne_zero; MathematicalCommons.Noether.PolynomialIdealsAndResultants1923.GenericRegularity.independentGenericTransform_totalDegree; MathematicalCommons.Noether.PolynomialIdealsAndResultants1923.GenericRegularity.independentGenericTransform_isRegular; MathematicalCommons.Noether.PolynomialIdealsAndResultants1923.GenericRegularity.independentGenericTransformIdeal; MathematicalCommons.Noether.PolynomialIdealsAndResultants1923.GenericRegularity.independentGenericTransform_mem_independentGenericTransformIdeal; MathematicalCommons.Noether.PolynomialIdealsAndResultants1923.GenericRegularity.exists_regular_member_independentGenericTransformIdeal; MathematicalCommons.Noether.PolynomialIdealsAndResultants1923.GenericRegularity.parameterPolynomialLowerMatrix; MathematicalCommons.Noether.PolynomialIdealsAndResultants1923.GenericRegularity.parameterPolynomialLowerMatrix_of_lt; MathematicalCommons.Noether.PolynomialIdealsAndResultants1923.GenericRegularity.parameterPolynomialLowerMatrix_of_not_lt; MathematicalCommons.Noether.PolynomialIdealsAndResultants1923.GenericRegularity.parameterPolynomialLowerUnitriangularEquiv; MathematicalCommons.Noether.PolynomialIdealsAndResultants1923.GenericRegularity.parameterPolynomialTransformHom; MathematicalCommons.Noether.PolynomialIdealsAndResultants1923.GenericRegularity.parameterPolynomialTransform; MathematicalCommons.Noether.PolynomialIdealsAndResultants1923.GenericRegularity.map_parameterPolynomialLowerMatrix; MathematicalCommons.Noether.PolynomialIdealsAndResultants1923.GenericRegularity.map_parameterPolynomialLowerImage; MathematicalCommons.Noether.PolynomialIdealsAndResultants1923.GenericRegularity.map_parameterPolynomialTransform; MathematicalCommons.Noether.PolynomialIdealsAndResultants1923.GenericRegularity.parameterPolynomialLeadingCoefficient; MathematicalCommons.Noether.PolynomialIdealsAndResultants1923.GenericRegularity.map_parameterPolynomialLeadingCoefficient; MathematicalCommons.Noether.PolynomialIdealsAndResultants1923.GenericRegularity.parameterPolynomialLeadingCoefficient_totalDegree_ne_zero; MathematicalCommons.Noether.PolynomialIdealsAndResultants1923.GenericRegularity.parameterPolynomialTransform_totalDegree; MathematicalCommons.Noether.PolynomialIdealsAndResultants1923.GenericRegularity.parameterPolynomialTransform_isRegular; MathematicalCommons.Noether.PolynomialIdealsAndResultants1923.GenericRegularity.exists_evaluation_parameterPolynomialTransforms_isRegular_charZero; MathematicalCommons.Noether.PolynomialIdealsAndResultants1923.GenericRegularity.specializedLowerMatrix; MathematicalCommons.Noether.PolynomialIdealsAndResultants1923.GenericRegularity.specializedLowerUnitriangularEquiv; MathematicalCommons.Noether.PolynomialIdealsAndResultants1923.GenericRegularity.eval_parameterPolynomialLowerMatrix; MathematicalCommons.Noether.PolynomialIdealsAndResultants1923.GenericRegularity.map_eval_parameterPolynomialLowerImage; MathematicalCommons.Noether.PolynomialIdealsAndResultants1923.GenericRegularity.specializedParameterTransformHom; MathematicalCommons.Noether.PolynomialIdealsAndResultants1923.GenericRegularity.specializedParameterTransform; MathematicalCommons.Noether.PolynomialIdealsAndResultants1923.GenericRegularity.specializedParameterTransformIdeal; MathematicalCommons.Noether.PolynomialIdealsAndResultants1923.GenericRegularity.specializedParameterTransform_mem_specializedParameterTransformIdeal; MathematicalCommons.Noether.PolynomialIdealsAndResultants1923.GenericRegularity.specializedParameterTransformHom_eq_equiv; MathematicalCommons.Noether.PolynomialIdealsAndResultants1923.GenericRegularity.specializedParameterTransform_eq_equiv; MathematicalCommons.Noether.PolynomialIdealsAndResultants1923.GenericRegularity.specializedParameterTransform_mem_ideal_iff; MathematicalCommons.Noether.PolynomialIdealsAndResultants1923.GenericRegularity.exists_specialization_regular_member; MathematicalCommons.Noether.PolynomialIdealsAndResultants1923.GenericRegularity.independentGenericLeadingCoefficient_X_zero; MathematicalCommons.Noether.PolynomialIdealsAndResultants1923.GenericRegularity.independentGenericLeadingCoefficient_X_of_pos	built_v4.31.0	artifacts/build/claim-P22-finite-regularity-specialization-20260826T0527205736234-11e8edb4.json	propext; Classical.choice; Quot.sound	neutral	Completed equation-(12) generic regularity and its characteristic-zero finite descent. The independent transform first arises over the polynomial parameter ring; its nonzero leading parameter polynomial can be specialized simultaneously for any finite family. Every finite assignment is identified with an actual lower-unitriangular algebra equivalence, so every nonzero ideal has a ground-field coordinate transform containing a polynomial regular in the first variable. Successive later-variable ground ideals, finite-stage quotient modules, Smith data, primitive resultants, compatible zeros, and multiplicities remain open.
HENTZELT-NOETHER-1923-REGULAR-QUOTIENT	P22	Zur Theorie der Polynomideale und Resultanten	1923	equation (21), equations (22)–(23), and ensuing quotient argument, lines 13134–13167	EE226847656BC4D65EDDA9E9BF9BB1D25797C0C6D672D267D94A97FD88C7AD58	FORMALIZED_GAP	Submodule.quotientEquivOfIsCompl; Polynomial.degreeLT; Polynomial.degreeLTEquiv; Basis.ofEquivFun; Module.Finite.of_basis; Module.Free.of_basis; LinearEquiv.ofSubmodules	PROMOTED_THEOREM	MathematicalCommons.Noether.PolynomialIdealsAndResultants1923.RegularIdealDecomposition.boundedPart_top; MathematicalCommons.Noether.PolynomialIdealsAndResultants1923.RegularIdealDecomposition.degreeLT_disjoint_principalTail; MathematicalCommons.Noether.PolynomialIdealsAndResultants1923.RegularIdealDecomposition.degreeLT_sup_principalTail_eq_top; MathematicalCommons.Noether.PolynomialIdealsAndResultants1923.RegularIdealDecomposition.principalTail_isCompl_degreeLT; MathematicalCommons.Noether.PolynomialIdealsAndResultants1923.RegularIdealDecomposition.quotientByRegularEquivDegreeLT; MathematicalCommons.Noether.PolynomialIdealsAndResultants1923.RegularIdealDecomposition.quotientByRegularEquivDegreeLT_apply_mk; MathematicalCommons.Noether.PolynomialIdealsAndResultants1923.RegularIdealDecomposition.quotientByRegularEquivCoefficients; MathematicalCommons.Noether.PolynomialIdealsAndResultants1923.RegularIdealDecomposition.quotientByRegularBasis; MathematicalCommons.Noether.PolynomialIdealsAndResultants1923.RegularIdealDecomposition.quotientByRegular_moduleFinite; MathematicalCommons.Noether.PolynomialIdealsAndResultants1923.RegularIdealDecomposition.quotientByRegular_moduleFree; MathematicalCommons.Noether.PolynomialIdealsAndResultants1923.RegularIdealDecomposition.principalTail_le_restrictScalars; MathematicalCommons.Noether.PolynomialIdealsAndResultants1923.RegularIdealDecomposition.boundedPartInDegreeLT; MathematicalCommons.Noether.PolynomialIdealsAndResultants1923.RegularIdealDecomposition.mem_boundedPartInDegreeLT_iff; MathematicalCommons.Noether.PolynomialIdealsAndResultants1923.RegularIdealDecomposition.idealImageInRegularQuotient; MathematicalCommons.Noether.PolynomialIdealsAndResultants1923.RegularIdealDecomposition.map_idealImageInRegularQuotient_eq_boundedPartInDegreeLT; MathematicalCommons.Noether.PolynomialIdealsAndResultants1923.RegularIdealDecomposition.regularIdealImageEquivBoundedPart	built_v4.31.0	artifacts/build/claim-P22-regular-quotient-20260827T1748240448096-3aca3b68.json	propext; Classical.choice; Quot.sound	neutral	For a supplied degree-k polynomial regular in x₁, proves the bounded representative module complementary to its principal tail, identifies the quotient with k coefficient vectors, gives an explicit finite free basis, and identifies the image of every containing ideal with its bounded coefficient module. The supplied regular-pair and actual cutoff-one ideal quotients, plus the ξ/ζ coordinate bridge, are promoted separately. Line 13162's exact ground-module saturation and unlocalized full-rank consequences are promoted separately. Later C^(i), historical instantiation of equation (24), the full infinite-tail elementary-divisor statement, primitive stage resultants, and auxiliary-choice independence remain open.
HENTZELT-NOETHER-1923-COMMON-TAIL-QUOTIENT	P22	Zur Theorie der Polynomideale und Resultanten	1923	equation (23) and representative-system argument, lines 13153–13160	EE226847656BC4D65EDDA9E9BF9BB1D25797C0C6D672D267D94A97FD88C7AD58	NEW_PACKAGING	LinearMap.quotientInfEquivSupQuotient; Submodule.Quotient.mk_surjective; Submodule.disjoint_def	FORMALIZED_SOURCE_PACKAGING	MathematicalCommons.Noether.PolynomialIdealsAndResultants1923.CommonTailQuotient.relativeDenominator; MathematicalCommons.Noether.PolynomialIdealsAndResultants1923.CommonTailQuotient.relativeQuotient; MathematicalCommons.Noether.PolynomialIdealsAndResultants1923.CommonTailQuotient.relativeQuotientEquivOfEq; MathematicalCommons.Noether.PolynomialIdealsAndResultants1923.CommonTailQuotient.inf_sup_eq_left_of_le_of_disjoint; MathematicalCommons.Noether.PolynomialIdealsAndResultants1923.CommonTailQuotient.commonTailQuotientEquiv; MathematicalCommons.Noether.PolynomialIdealsAndResultants1923.CommonTailQuotient.exists_commonTail_representative	built_v4.31.0	artifacts/build/claim-P22-common-tail-quotient-20260827T2158428474453-64f62f7d.json	propext; Classical.choice; Quot.sound	neutral	Source-facing specialization of Mathlib's existing second isomorphism theorem, not new mathematics. It types historical divisibility as denominator M ≤ numerator G, proves cancellation of a common independent tail, and supplies representatives from the bounded numerator. The supplied regular-pair, actual cutoff-one ideal, and source-modeled ξ/ζ coordinate instantiations are promoted separately. Line 13162's exact ground-module saturation and unlocalized full-rank consequences are promoted separately. Later C^(i), historical instantiation of equation (24), the full infinite-tail elementary-divisor statement, primitive stage resultants, and auxiliary-choice independence remain open.
HENTZELT-NOETHER-1923-REGULAR-PAIRED-QUOTIENT	P22	Zur Theorie der Polynomideale und Resultanten	1923	equations (22)–(23), first paired quotient argument, lines 13141–13160	EE226847656BC4D65EDDA9E9BF9BB1D25797C0C6D672D267D94A97FD88C7AD58	NEW_PACKAGING	Polynomial.degreeLT; Polynomial.degreeLTEquiv; isNoetherian_of_linearEquiv; Module.Finite.of_injective; Module.Finite.quotient; Module.Finite.equiv; LinearMap.quotientInfEquivSupQuotient; Submodule.Quotient.mk_surjective	FORMALIZED_SOURCE_PACKAGING	MathematicalCommons.Noether.PolynomialIdealsAndResultants1923.RegularIdealDecomposition.boundedPart_mono; MathematicalCommons.Noether.PolynomialIdealsAndResultants1923.RegularIdealDecomposition.boundedPart_le_degreeLT; MathematicalCommons.Noether.PolynomialIdealsAndResultants1923.RegularIdealDecomposition.boundedPart_moduleFinite; MathematicalCommons.Noether.PolynomialIdealsAndResultants1923.RegularIdealDecomposition.regularPairedQuotientEquivBounded; MathematicalCommons.Noether.PolynomialIdealsAndResultants1923.RegularIdealDecomposition.regularPairedQuotient_moduleFinite; MathematicalCommons.Noether.PolynomialIdealsAndResultants1923.RegularIdealDecomposition.exists_regularPaired_boundedRepresentative	built_v4.31.0	artifacts/build/claim-P22-regular-paired-quotient-20260828T0110324461242-014a6a7e.json	propext; Classical.choice; Quot.sound	neutral	Source-specific instantiation and finite-module consequence of existing Mathlib and promoted local quotient infrastructure, not new mathematics. It closes the quotient for an arbitrary supplied regular ideal pair and supplies bounded representatives; it does not itself identify that pair with source-indexed G₁/M₁. The actual cutoff-one ideal quotient is in FirstGroundPairedQuotient, and its source-modeled linear-form realization and quotient bridge are in FirstLinearFormModules. Line 13162's exact ground-module saturation and unlocalized full-rank consequences are promoted separately. Later stages, historical Smith/resultant instantiation, and auxiliary-choice independence remain open.
HENTZELT-NOETHER-1923-STAGE-ONE-GROUND-IDEAL-QUOTIENT	P22	Zur Theorie der Polynomideale und Resultanten	1923	regularity and Definition V lines 13039–13052; Satz VII base and first nontrivial step lines 13130–13160	EE226847656BC4D65EDDA9E9BF9BB1D25797C0C6D672D267D94A97FD88C7AD58	NEW_PACKAGING	Ideal.map; Ideal.map_mono; Ideal.apply_mem_of_equiv_iff; Ideal.eq_top_iff_one; Ideal.ne_bot_iff; MvPolynomial.finSuccEquiv	FORMALIZED_SOURCE_PACKAGING	MathematicalCommons.Noether.PolynomialIdealsAndResultants1923.RegularIdealDecomposition.finSuccIdeal; MathematicalCommons.Noether.PolynomialIdealsAndResultants1923.RegularIdealDecomposition.stageOneGroundIdeal; MathematicalCommons.Noether.PolynomialIdealsAndResultants1923.RegularIdealDecomposition.le_stageGroundIdeal; MathematicalCommons.Noether.PolynomialIdealsAndResultants1923.RegularIdealDecomposition.stageGroundIdeal_zero_eq_top_iff; MathematicalCommons.Noether.PolynomialIdealsAndResultants1923.RegularIdealDecomposition.stageGroundIdeal_zero_eq_top_of_regular_mem; MathematicalCommons.Noether.PolynomialIdealsAndResultants1923.RegularIdealDecomposition.finSuccIdeal_le_stageOneGroundIdeal; MathematicalCommons.Noether.PolynomialIdealsAndResultants1923.RegularIdealDecomposition.finSuccEquiv_mem_finSuccIdeal_iff; MathematicalCommons.Noether.PolynomialIdealsAndResultants1923.RegularIdealDecomposition.finSuccEquiv_mem_finSuccIdeal; MathematicalCommons.Noether.PolynomialIdealsAndResultants1923.RegularIdealDecomposition.stageOneGroundIdealQuotientEquivBounded; MathematicalCommons.Noether.PolynomialIdealsAndResultants1923.RegularIdealDecomposition.stageOneGroundIdealQuotient_moduleFinite; MathematicalCommons.Noether.PolynomialIdealsAndResultants1923.RegularIdealDecomposition.exists_stageOneGroundIdeal_boundedRepresentative	built_v4.31.0	artifacts/build/claim-P22-stage-one-ground-ideal-quotient-20260828T1412133846760-797a2f84.json	propext; Classical.choice; Quot.sound	neutral	Modern ideal-level counterpart of the first nontrivial ground-module step, assembled from existing Mathlib and promoted local infrastructure rather than new mathematics. It fixes the source indexing g₀=cutoff 0 and g₁=cutoff 1, recovers the unit-ideal base case, and instantiates the finite bounded quotient for stage one. FirstLinearFormModules now builds the source-modeled first ξ/ζ coordinate modules and explicitly relates their quotient to both the transported ideal quotient and its bounded model. Line 13162's exact ground-module saturation and unlocalized full-rank consequences are promoted separately. Later stages, historical Smith hypotheses, primitive resultants, and auxiliary-choice independence remain open.
HENTZELT-NOETHER-1923-FIRST-LINEAR-FORM-MODULES	P22	Zur Theorie der Polynomideale und Resultanten	1923	equations (22)–(23) and first-stage quotient argument, lines 13141–13160	EE226847656BC4D65EDDA9E9BF9BB1D25797C0C6D672D267D94A97FD88C7AD58	FORMALIZED_GAP	Polynomial.degreeLT; Ideal.restrictScalars; Submodule.prodEquivOfIsCompl; Submodule.map_sup; Submodule.prod_mono; Submodule.prod_inf_prod; LinearEquiv.ofSubmodules; Submodule.Quotient.equiv; Submodule.mem_map_equiv; LinearMap.quotientInfEquivSupQuotient	PROMOTED_THEOREM	MathematicalCommons.Noether.PolynomialIdealsAndResultants1923.RegularIdealDecomposition.firstLinearFormSpace; MathematicalCommons.Noether.PolynomialIdealsAndResultants1923.RegularIdealDecomposition.firstLinearFormRealization; MathematicalCommons.Noether.PolynomialIdealsAndResultants1923.RegularIdealDecomposition.firstBoundedLinearFormModule; MathematicalCommons.Noether.PolynomialIdealsAndResultants1923.RegularIdealDecomposition.firstTailLinearFormModule; MathematicalCommons.Noether.PolynomialIdealsAndResultants1923.RegularIdealDecomposition.firstLinearFormModule; MathematicalCommons.Noether.PolynomialIdealsAndResultants1923.RegularIdealDecomposition.map_firstBoundedLinearFormModule; MathematicalCommons.Noether.PolynomialIdealsAndResultants1923.RegularIdealDecomposition.map_firstTailLinearFormModule; MathematicalCommons.Noether.PolynomialIdealsAndResultants1923.RegularIdealDecomposition.map_firstLinearFormModule; MathematicalCommons.Noether.PolynomialIdealsAndResultants1923.RegularIdealDecomposition.firstBoundedLinearFormModule_mono; MathematicalCommons.Noether.PolynomialIdealsAndResultants1923.RegularIdealDecomposition.firstBoundedLinearFormModule_disjoint_tail; MathematicalCommons.Noether.PolynomialIdealsAndResultants1923.RegularIdealDecomposition.firstLinearFormModule_eq_bounded_sup_tail; MathematicalCommons.Noether.PolynomialIdealsAndResultants1923.RegularIdealDecomposition.relativeQuotientEquivOfLinearEquiv; MathematicalCommons.Noether.PolynomialIdealsAndResultants1923.RegularIdealDecomposition.firstBoundedCommonTailQuotientEquiv; MathematicalCommons.Noether.PolynomialIdealsAndResultants1923.RegularIdealDecomposition.firstLinearFormQuotientEquivBounded; MathematicalCommons.Noether.PolynomialIdealsAndResultants1923.RegularIdealDecomposition.firstLinearFormQuotientEquivIdeal; MathematicalCommons.Noether.PolynomialIdealsAndResultants1923.RegularIdealDecomposition.map_stageOneGroundLinearFormModule; MathematicalCommons.Noether.PolynomialIdealsAndResultants1923.RegularIdealDecomposition.map_stageOneOriginalLinearFormModule; MathematicalCommons.Noether.PolynomialIdealsAndResultants1923.RegularIdealDecomposition.stageOneLinearFormQuotientEquivBounded; MathematicalCommons.Noether.PolynomialIdealsAndResultants1923.RegularIdealDecomposition.stageOneLinearFormQuotientEquivIdeal; MathematicalCommons.Noether.PolynomialIdealsAndResultants1923.RegularIdealDecomposition.stageOneLinearFormQuotientEquivIdealBounded	built_v4.31.0	artifacts/build/claim-P22-first-linear-form-modules-20260828T1500160501084-3b7c5d91.json	propext; Classical.choice; Quot.sound	neutral	Source-specific cutoff-one coordinate realization absent from Mathlib, built from promoted regular-division and common-tail infrastructure. It models the first ξ/ζ coordinate modules, realizes the full pair as the actual cutoff-one ground/original ideals under supplied regularity and membership hypotheses, cancels the common tail, and exports an equivalence chain from the coordinate quotient through the ideal quotient to the bounded model. It does not package named ξᵢ/ζν bases. Line 13162's exact ground-module saturation and unlocalized full-rank consequences are promoted separately. Later stages, historical Smith instantiation, primitive resultants, and auxiliary-choice independence remain open.
HENTZELT-NOETHER-1923-SMITH-PAIRED-QUOTIENT	P22	Zur Theorie der Polynomideale und Resultanten	1923	equation (24), lines 13164–13173	EE226847656BC4D65EDDA9E9BF9BB1D25797C0C6D672D267D94A97FD88C7AD58	NEW_PACKAGING	Submodule.smithNormalFormTopBasis; Submodule.smithNormalFormBotBasis; Submodule.smithNormalFormBotBasis_def; Submodule.smithNormalFormCoeffs; Submodule.smithNormalFormCoeffs_ne_zero; Submodule.quotientEquivPiSpan; LinearMap.det_toMatrix; LinearMap.toMatrix_apply; Matrix.det_diagonal	FORMALIZED_SOURCE_PACKAGING	MathematicalCommons.Noether.PolynomialIdealsAndResultants1923.SmithPairedQuotient.relativeSmithTopBasis; MathematicalCommons.Noether.PolynomialIdealsAndResultants1923.SmithPairedQuotient.relativeSmithBottomBasis; MathematicalCommons.Noether.PolynomialIdealsAndResultants1923.SmithPairedQuotient.relativeSmithCoefficients; MathematicalCommons.Noether.PolynomialIdealsAndResultants1923.SmithPairedQuotient.relativeSmithBottomBasis_eq_smul; MathematicalCommons.Noether.PolynomialIdealsAndResultants1923.SmithPairedQuotient.relativeSmithCoefficients_ne_zero; MathematicalCommons.Noether.PolynomialIdealsAndResultants1923.SmithPairedQuotient.relativeSmithBottomBasis_mem; MathematicalCommons.Noether.PolynomialIdealsAndResultants1923.SmithPairedQuotient.relativeQuotientEquivSmithCyclic; MathematicalCommons.Noether.PolynomialIdealsAndResultants1923.SmithPairedQuotient.commonTailQuotientEquivSmithCyclic; MathematicalCommons.Noether.PolynomialIdealsAndResultants1923.SmithPairedQuotient.det_relativeSmithBasisTransition_eq_prod	built_v4.31.0	artifacts/build/claim-P22-smith-paired-quotient-20260828T1500160501084-3b7c5d91.json	propext; Classical.choice; Quot.sound	neutral	Generic full-rank finite-free PID packaging of Mathlib's Smith normal form, not a historical stage instantiation or new mathematics. It names the ηᵢ/eᵢ diagonal bases, proves the diagonal relation, nonvanishing, and denominator membership, decomposes the relative quotient into cyclic factors, composes with common-tail cancellation, and proves the chosen-basis determinant product. Mathlib v4.31 does not provide a divisibility-ordered canonical elementary-divisor system through this API. The source-faithful later-variable localization and actual finite cutoff-one Smith instantiation are now promoted separately. The infinite-tail unit factors, later stages, determinant-norm/resultant identification, primitive normalization, and choice independence remain open.
HENTZELT-NOETHER-1923-FIRST-GROUND-MODULE	P22	Zur Theorie der Polynomideale und Resultanten	1923	Definition I and Satz I lines 12752–12795; Satz VII line 13162	EE226847656BC4D65EDDA9E9BF9BB1D25797C0C6D672D267D94A97FD88C7AD58	FORMALIZED_GAP	Submodule; MvPolynomial.finSuccEquiv; MvPolynomial.natDegree_finSuccEquiv; MvPolynomial.mem_vars_iff_degreeOf_ne_zero; Polynomial.eq_C_of_natDegree_eq_zero; Ideal.apply_mem_of_equiv_iff; Ideal.symm_apply_mem_of_equiv_iff	PROMOTED_THEOREM	MathematicalCommons.Noether.PolynomialIdealsAndResultants1923.RegularIdealDecomposition.nonzeroScalarSaturation; MathematicalCommons.Noether.PolynomialIdealsAndResultants1923.RegularIdealDecomposition.mem_nonzeroScalarSaturation_iff; MathematicalCommons.Noether.PolynomialIdealsAndResultants1923.RegularIdealDecomposition.le_nonzeroScalarSaturation; MathematicalCommons.Noether.PolynomialIdealsAndResultants1923.RegularIdealDecomposition.nonzeroScalarSaturation_mono; MathematicalCommons.Noether.PolynomialIdealsAndResultants1923.RegularIdealDecomposition.IsGroundModule; MathematicalCommons.Noether.PolynomialIdealsAndResultants1923.RegularIdealDecomposition.isGroundModule_iff_nonzeroScalarSaturation_eq; MathematicalCommons.Noether.PolynomialIdealsAndResultants1923.RegularIdealDecomposition.nonzeroScalarSaturation_idem; MathematicalCommons.Noether.PolynomialIdealsAndResultants1923.RegularIdealDecomposition.nonzeroScalarSaturation_isGroundModule; MathematicalCommons.Noether.PolynomialIdealsAndResultants1923.RegularIdealDecomposition.nonzeroScalarSaturation_le_of_le_of_isGroundModule; MathematicalCommons.Noether.PolynomialIdealsAndResultants1923.RegularIdealDecomposition.nonzeroScalarSaturation_isLeast; MathematicalCommons.Noether.PolynomialIdealsAndResultants1923.RegularIdealDecomposition.finSuccEquiv_eq_C_coeff_zero_of_first_notMem_vars; MathematicalCommons.Noether.PolynomialIdealsAndResultants1923.RegularIdealDecomposition.finSuccEquiv_symm_C_first_notMem_vars; MathematicalCommons.Noether.PolynomialIdealsAndResultants1923.RegularIdealDecomposition.mem_stageOneGroundIdeal_iff_exists_smul; MathematicalCommons.Noether.PolynomialIdealsAndResultants1923.RegularIdealDecomposition.boundedPartInDegreeLT_stageOneGroundIdeal_eq_saturation; MathematicalCommons.Noether.PolynomialIdealsAndResultants1923.RegularIdealDecomposition.mem_boundedPartInDegreeLT_stageOneGroundIdeal_iff; MathematicalCommons.Noether.PolynomialIdealsAndResultants1923.RegularIdealDecomposition.boundedPartInDegreeLT_stageOneGroundIdeal_isGroundModule	built_v4.31.0	artifacts/build/claim-P22-first-ground-module-20260828T1620327764359-f0dc0f4c.json	propext; Classical.choice; Quot.sound	neutral	Promotes formula (4) as nonzero-scalar saturation, proves it is the least ground module containing the original module, transports cutoff-one multipliers through finSuccEquiv, and proves the exact line-13162 equality G₁* = saturation(M₁*) with its source-facing membership and cancellation forms. This closes line 13162. The subsequent source-faithful coefficient localization and finite equation-(24) Smith instance are promoted in separate ledger records; canonical divisibility ordering, the infinite ζ-tail, determinant-norm/resultant identification, primitive normalization, choice independence, and later stages remain open.
HENTZELT-NOETHER-1923-FIRST-GROUND-MODULE-TORSION	P22	Zur Theorie der Polynomideale und Resultanten	1923	Satz I lines 12752–12795; Satz VII lines 13162–13173	EE226847656BC4D65EDDA9E9BF9BB1D25797C0C6D672D267D94A97FD88C7AD58	FORMALIZED_GAP	Module.IsTorsion; Submodule.Quotient.mk_surjective; Submodule.Quotient.mk_smul; Submodule.Quotient.mk_eq_zero; Module.rank; Submodule.rank_quotient_add_rank; Cardinal.toNat; Module.Finite.of_injective	PROMOTED_THEOREM	MathematicalCommons.Noether.PolynomialIdealsAndResultants1923.RegularIdealDecomposition.relativeQuotient_isTorsion_of_le_nonzeroScalarSaturation; MathematicalCommons.Noether.PolynomialIdealsAndResultants1923.RegularIdealDecomposition.le_nonzeroScalarSaturation_of_relativeQuotient_isTorsion; MathematicalCommons.Noether.PolynomialIdealsAndResultants1923.RegularIdealDecomposition.relativeQuotient_isTorsion_iff_le_nonzeroScalarSaturation; MathematicalCommons.Noether.PolynomialIdealsAndResultants1923.RegularIdealDecomposition.rank_eq_zero_iff_isTorsion_nonzeroScalar; MathematicalCommons.Noether.PolynomialIdealsAndResultants1923.RegularIdealDecomposition.relativeDenominator_rank_eq_of_le_nonzeroScalarSaturation; MathematicalCommons.Noether.PolynomialIdealsAndResultants1923.RegularIdealDecomposition.relativeDenominator_finrank_eq_of_le_nonzeroScalarSaturation; MathematicalCommons.Noether.PolynomialIdealsAndResultants1923.RegularIdealDecomposition.nonzeroScalarSaturation_rank_eq; MathematicalCommons.Noether.PolynomialIdealsAndResultants1923.RegularIdealDecomposition.boundedPartInDegreeLT_moduleFinite; MathematicalCommons.Noether.PolynomialIdealsAndResultants1923.RegularIdealDecomposition.stageOneGround_boundedRelativeQuotient_isTorsion; MathematicalCommons.Noether.PolynomialIdealsAndResultants1923.RegularIdealDecomposition.finrank_stageOneGround_relativeDenominator_eq	built_v4.31.0	artifacts/build/claim-P22-first-ground-module-torsion-20260828T1620327764359-f0dc0f4c.json	propext; Classical.choice; Quot.sound	neutral	Proves that a relative quotient is torsion exactly when its numerator lies in the denominator's nonzero-scalar saturation, derives cardinal-rank and finrank equality, records Satz I's same-rank theorem, proves bounded-module finite generation, and specializes these facts to G₁*/M₁*. This is the unlocalized basis-independent full-rank premise. The source-faithful localization to K[x₂] and the actual finite equation-(24) Smith instance are now promoted separately; canonical divisibility ordering, the infinite ζ-tail, determinant-norm/resultant identification, primitive normalization, choice independence, and later stages remain open.
